Workbook

Sheet Bbdd
A1: fecha_creacion_transaccion | B1: ID TRANSACCION | C1: Aliado | D1: Numero_de_Matricula | E1: Orden_Matricula | F1: cedula_cliente | G1: Nombre_cliente | H1: ID Estudiante | I1: Periodo | J1: CC | K1: Tipo de estudiante | L1: Programa | M1: Nivel | N1: Operador | O1: Área | P1: Operación | Q1: Cate | R1: Subcate | S1: Cohorte | T1: cc | U1: =_xlfn.XLOOKUP(B1,[1]Hoja1!$B:$B,[1]Hoja1!$U:$U) -> Lider | V1: Area | W1: PUNTOS | X1: Asesor
A2: 45971.53 | B2: 20103787 | C2: ROMBO V2 | D2: 55808 | E2: OMC | F2: 1233510311 | G2: Nestor Armando Quiroga Silva | H2: 100081970 | I2: 202604 | J2: 1233510311 | K2: OPCION DE GRADO | L2: DIP OPC GRA ANA DAT PYTHON VIR | M2: EDUCACION CONTINUA | N2: CEI_BOGOTA | O2: Estudiante Nuevo | P2: Contact | Q2: Sello Financiero | R2: Tiene Sello Financiero (Aprobado Directo) | S2: Cohorte 1 | T2: 52834109 | U2: JAVIER ORLANDO HERNANDEZ RIVERA | V2: OP GRADO - INGLÉS | W2: =IF(V2="pregrado",31, IF(V2="posgrados",31, IF(V2="rEINTEGROS",7, IF(V2="BIT",90, IF(V2="OP GRADO - INGLÉS",17,""))))) -> 17 | X2: Jeny Marlen Ordoñez Mendez
A3: 45975.672 | B3: 20104183 | C3: ROMBO V2 | D3: 55952 | E3: OMC | F3: 1121857096 | G3: Yerly Marcela Caicedo Garzon | H3: 100205569 | I3: 202604 | J3: 1121857096 | K3: OPCION DE GRADO | L3: SEM EVAL NEUP Y ESTR INTERV ED | M3: EDUCACION CONTINUA | N3: CEI_BOGOTA | O3: Estudiante Nuevo | P3: Contact | Q3: Sello Financiero | R3: Tiene Sello Financiero (Aprobado Directo) | S3: Cohorte 1 | T3: 52834109 | U3: JAVIER ORLANDO HERNANDEZ RIVERA | V3: OP GRADO - INGLÉS | W3: =IF(V3="pregrado",31, IF(V3="posgrados",31, IF(V3="rEINTEGROS",7, IF(V3="BIT",90, IF(V3="OP GRADO - INGLÉS",17,""))))) -> 17 | X3: Jeny Marlen Ordoñez Mendez
A4: 45973.521 | B4: 20103973 | C4: ROMBO V2 | D4: 55957 | E4: OMC | F4: 1007243941 | G4: Alejandra Morales Barbosa barbosa | H4: 100127159 | I4: 202604 | J4: 1007243941 | K4: OPCION DE GRADO | L4: CURSO MOD DE GRADO CALIDAD VIR | M4: EDUCACION CONTINUA | N4: CEI_BOGOTA | O4: Estudiante Nuevo | P4: Contact | Q4: Sello Financiero | R4: Tiene Sello Financiero (Aprobado Directo) | S4: Cohorte 1 | T4: 1033714104 | U4: JAVIER ORLANDO HERNANDEZ RIVERA | V4: OP GRADO - INGLÉS | W4: =IF(V4="pregrado",31, IF(V4="posgrados",31, IF(V4="rEINTEGROS",7, IF(V4="BIT",90, IF(V4="OP GRADO - INGLÉS",17,""))))) -> 17 | X4: Ruben Darío Elles Trujillo
A5: 45974.493 | B5: 20104055 | C5: ROMBO V2 | D5: 55970 | E5: OMC | F5: 1144138713 | G5: Yefferson Yefferson Santos Ortiz | H5: 100222490 | I5: 202604 | J5: 1144138713 | K5: OPCION DE GRADO | L5: SEM INTEL NEG CON POWER BI VIR | M5: EDUCACION CONTINUA | N5: CEI_BOGOTA | O5: Estudiante Nuevo | P5: Contact | Q5: Sello Financiero | R5: Tiene Sello Financiero (Aprobado Directo) | S5: Cohorte 1 | T5: 1033714104 | U5: JAVIER ORLANDO HERNANDEZ RIVERA | V5: OP GRADO - INGLÉS | W5: =IF(V5="pregrado",31, IF(V5="posgrados",31, IF(V5="rEINTEGROS",7, IF(V5="BIT",90, IF(V5="OP GRADO - INGLÉS",17,""))))) -> 17 | X5: Ruben Darío Elles Trujillo
A6: 45979.547 | B6: 20104300 | C6: ROMBO V2 | D6: 56846 | E6: OMC | F6: 1000941707 | G6: Leidy Camila Ballen Aldana | H6: 100136725 | I6: 202604 | J6: 1000941707 | K6: OPCION DE GRADO | L6: CUR MOD GRA ESP MARK DIGIT VIR | M6: EDUCACION CONTINUA | N6: CEI_BOGOTA | O6: Estudiante Nuevo | P6: Contact | Q6: Sello Financiero | R6: Tiene Sello Financiero (Aprobado Directo) | S6: Cohorte 1 | T6: 1033714104 | U6: JAVIER ORLANDO HERNANDEZ RIVERA | V6: OP GRADO - INGLÉS | W6: =IF(V6="pregrado",31, IF(V6="posgrados",31, IF(V6="rEINTEGROS",7, IF(V6="BIT",90, IF(V6="OP GRADO - INGLÉS",17,""))))) -> 17 | X6: Ruben Darío Elles Trujillo
A7: 45979.671 | B7: 20104320 | C7: ROMBO V2 | D7: 56893 | E7: OMC | F7: 1106395487 | G7: Jennifer Katerine Medina Cardenas | H7: 100160050 | I7: 202604 | J7: 1106395487 | K7: OPCION DE GRADO | L7: DIP SEG Y SALUD TRA RIES P VIR | M7: EDUCACION CONTINUA | N7: CEI_BOGOTA | O7: Estudiante Nuevo | P7: Contact | Q7: Sello Financiero | R7: Tiene Sello Financiero (Aprobado Directo) | S7: Cohorte 1 | T7: 1033714104 | U7: JAVIER ORLANDO HERNANDEZ RIVERA | V7: OP GRADO - INGLÉS | W7: =IF(V7="pregrado",31, IF(V7="posgrados",31, IF(V7="rEINTEGROS",7, IF(V7="BIT",90, IF(V7="OP GRADO - INGLÉS",17,""))))) -> 17 | X7: Ruben Darío Elles Trujillo
A8: 45987.731 | B8: 20105010 | C8: ROMBO V2 | D8: 56896 | E8: OMC | F8: 1117322557 | G8: Erika Erika Guarin Garcia | H8: 100188082 | I8: 202604 | J8: 1117322557 | K8: OPCION DE GRADO | L8: DIP SEG LOG CIO INTER BASC VIR | M8: EDUCACION CONTINUA | N8: CEI_BOGOTA | O8: Estudiante Nuevo | P8: Contact | Q8: Sello Financiero | R8: Tiene Sello Financiero (Aprobado Directo) | S8: Cohorte 1 | T8: 60345453 | U8: JAVIER ORLANDO HERNANDEZ RIVERA | V8: OP GRADO - INGLÉS | W8: =IF(V8="pregrado",31, IF(V8="posgrados",31, IF(V8="rEINTEGROS",7, IF(V8="BIT",90, IF(V8="OP GRADO - INGLÉS",17,""))))) -> 17 | X8: Claudia Restrepo Gonzalez
A9: 45981.431 | B9: 20104474 | C9: ROMBO V2 | D9: 56904 | E9: OMC | F9: 1000378303 | G9: Geraldine Geraldine Estrada Vanegas | H9: 100176157 | I9: 202604 | J9: 1000378303 | K9: OPCION DE GRADO | L9: DIP SEG Y SALUD TRA RIES P VIR | M9: EDUCACION CONTINUA | N9: CEI_BOGOTA | O9: Estudiante Nuevo | P9: Contact | Q9: Sello Financiero | R9: Tiene Sello Financiero (Aprobado Directo) | S9: Cohorte 1 | T9: 52834109 | U9: JAVIER ORLANDO HERNANDEZ RIVERA | V9: OP GRADO - INGLÉS | W9: =IF(V9="pregrado",31, IF(V9="posgrados",31, IF(V9="rEINTEGROS",7, IF(V9="BIT",90, IF(V9="OP GRADO - INGLÉS",17,""))))) -> 17 | X9: Jeny Marlen Ordoñez Mendez
A10: 45985.588 | B10: 20104695 | C10: ROMBO V2 | D10: 56907 | E10: OMC | F10: 1141114543 | G10: ISABELA ROJAS SALCEDO | H10: 100111162 | I10: 202604 | J10: 52005401 | K10: OPCION DE GRADO | L10: DIP SEG Y SALUD TRA RIES P VIR | M10: EDUCACION CONTINUA | N10: CEI_BOGOTA | O10: Estudiante Nuevo | P10: Contact | Q10: Sello Financiero | R10: Tiene Sello Financiero (Aprobado Directo) | S10: Cohorte 1 | T10: 52834109 | U10: JAVIER ORLANDO HERNANDEZ RIVERA | V10: OP GRADO - INGLÉS | W10: =IF(V10="pregrado",31, IF(V10="posgrados",31, IF(V10="rEINTEGROS",7, IF(V10="BIT",90, IF(V10="OP GRADO - INGLÉS",17,""))))) -> 17 | X10: Jeny Marlen Ordoñez Mendez
A11: 45986.638 | B11: 20104823 | C11: ROMBO V2 | D11: 56951 | E11: OMC | F11: 1016005858 | G11: Nicole Ariana Ospina Godoy | H11: 100109607 | I11: 202604 | J11: 1016005858 | K11: OPCION DE GRADO | L11: DIP SEG LOG CIO INTER BASC VIR | M11: EDUCACION CONTINUA | N11: CEI_BOGOTA | O11: Estudiante Nuevo | P11: Contact | Q11: Sello Financiero | R11: Tiene Sello Financiero (Aprobado Directo) | S11: Cohorte 1 | T11: 1033714104 | U11: JAVIER ORLANDO HERNANDEZ RIVERA | V11: OP GRADO - INGLÉS | W11: =IF(V11="pregrado",31, IF(V11="posgrados",31, IF(V11="rEINTEGROS",7, IF(V11="BIT",90, IF(V11="OP GRADO - INGLÉS",17,""))))) -> 17 | X11: Ruben Darío Elles Trujillo
A12: 45985.522 | B12: 20104685 | C12: ROMBO V2 | D12: 56971 | E12: OMC | F12: 1001506092 | G12: Mateo Mateo Bermudez Rios | H12: 100145617 | I12: 202604 | J12: 1001506092 | K12: OPCION DE GRADO | L12: DIPLOMADO TELEPSICOLOGIA VIR | M12: EDUCACION CONTINUA | N12: CEI_BOGOTA | O12: Estudiante Nuevo | P12: Contact | Q12: Sello Financiero | R12: Tiene Sello Financiero (Aprobado Directo) | S12: Cohorte 1 | T12: 1033714104 | U12: JAVIER ORLANDO HERNANDEZ RIVERA | V12: OP GRADO - INGLÉS | W12: =IF(V12="pregrado",31, IF(V12="posgrados",31, IF(V12="rEINTEGROS",7, IF(V12="BIT",90, IF(V12="OP GRADO - INGLÉS",17,""))))) -> 17 | X12: Ruben Darío Elles Trujillo
A13: 45986.382 | B13: 20104761 | C13: ROMBO V2 | D13: 56972 | E13: OMC | F13: 1078180069 | G13: Cenives Patricia Maturana Renteria | H13: 100201123 | I13: 202604 | J13: 1078180069 | K13: OPCION DE GRADO | L13: SEM PROF EVAL CUL INCLU Y PRAC | M13: EDUCACION CONTINUA | N13: CEI_BOGOTA | O13: Estudiante Nuevo | P13: Contact | Q13: Sello Financiero | R13: Tiene Sello Financiero (Aprobado Directo) | S13: Cohorte 1 | T13: 1033714104 | U13: JAVIER ORLANDO HERNANDEZ RIVERA | V13: OP GRADO - INGLÉS | W13: =IF(V13="pregrado",31, IF(V13="posgrados",31, IF(V13="rEINTEGROS",7, IF(V13="BIT",90, IF(V13="OP GRADO - INGLÉS",17,""))))) -> 17 | X13: Ruben Darío Elles Trujillo
... A39: 46008.526 | B39: 20108180 | C39: ROMBO V2 | D39: 57495 | E39: OMC | F39: 1073524528 | G39: Jessica Lorena Rincon Riveros | H39: 100104462 | I39: 202604 | J39: 1073524528 | K39: OPCION DE GRADO | L39: DIP SEG Y SALUD TRA RIES P VIR | M39: EDUCACION CONTINUA | N39: CEI_BOGOTA | O39: Estudiante Nuevo | P39: Contact | Q39: Sello Financiero | R39: Tiene Sello Financiero (Aprobado Directo) | S39: Cohorte 1 | T39: 52834109 | U39: JAVIER ORLANDO HERNANDEZ RIVERA | V39: OP GRADO - INGLÉS | W39: =IF(V39="pregrado",31, IF(V39="posgrados",31, IF(V39="rEINTEGROS",7, IF(V39="BIT",90, IF(V39="OP GRADO - INGLÉS",17,""))))) -> 17 | X39: Jeny Marlen Ordoñez Mendez
A40: 46073.695 | B40: 20125364 | C40: ROMBO V2 | D40: 57532 | E40: OMC | F40: 1012454021 | G40: Yeison Arturo Pestana Martinez martinez | H40: 100125393 | I40: 202604 | J40: 1012454021 | K40: OPCION DE GRADO | L40: CURSO MOD GRADO GERE SEGUR VIR | M40: EDUCACION CONTINUA | N40: 0 | O40: Estudiante Nuevo | P40: Contact | Q40: Sello Financiero | R40: Tiene Sello Financiero (Aprobado Directo) | S40: Cohorte 1 | T40: 1033714104 | U40: JAVIER ORLANDO HERNANDEZ RIVERA | V40: OP GRADO - INGLÉS | W40: =IF(V40="pregrado",31, IF(V40="posgrados",31, IF(V40="rEINTEGROS",7, IF(V40="BIT",90, IF(V40="OP GRADO - INGLÉS",17,""))))) -> 17 | X40: Ruben Darío Elles Trujillo
A41: 46076.71 | B41: 20125787 | C41: ROMBO V2 | D41: 57541 | E41: OMC | F41: 43536188 | G41: Gloria Maria Montoya Ospina | H41: 100130458 | I41: 202604 | J41: 1036634440 | K41: OPCION DE GRADO | L41: CUR MOD GR ESP AUDIT SALUD VIR | M41: EDUCACION CONTINUA | N41: CEI_BOGOTA | O41: Estudiante Nuevo | P41: Contact | Q41: Sello Financiero | R41: Tiene Sello Financiero (Aprobado Directo) | S41: Cohorte 1 | T41: 52834109 | U41: JAVIER ORLANDO HERNANDEZ RIVERA | V41: OP GRADO - INGLÉS | W41: =IF(V41="pregrado",31, IF(V41="posgrados",31, IF(V41="rEINTEGROS",7, IF(V41="BIT",90, IF(V41="OP GRADO - INGLÉS",17,""))))) -> 17 | X41: Jeny Marlen Ordoñez Mendez
A42: 46008.417 | B42: 20108111 | C42: ROMBO V2 | D42: 57548 | E42: OMC | F42: 1116790540 | G42: MARIA JULIANA MOJICA FIGUERA | H42: 100132605 | I42: 202604 | J42: 1116792540 | K42: OPCION DE GRADO | L42: DIP SEG Y SALUD TRA RIES P VIR | M42: EDUCACION CONTINUA | N42: CEI_BOGOTA | O42: Estudiante Nuevo | P42: Contact | Q42: Sello Financiero | R42: Tiene Sello Financiero (Aprobado Directo) | S42: Cohorte 1 | T42: 1033714104 | U42: JAVIER ORLANDO HERNANDEZ RIVERA | V42: OP GRADO - INGLÉS | W42: =IF(V42="pregrado",31, IF(V42="posgrados",31, IF(V42="rEINTEGROS",7, IF(V42="BIT",90, IF(V42="OP GRADO - INGLÉS",17,""))))) -> 17 | X42: Ruben Darío Elles Trujillo
A43: 46043.625 | B43: 20115817 | C43: ROMBO V2 | D43: 57550 | E43: OMC | F43: 1082986121 | G43: yeidis delcarmen Escobar Bertel | H43: 100133748 | I43: 202604 | J43: 1082892748 | K43: OPCION DE GRADO | L43: DIP SEG LOG CIO INTER BASC VIR | M43: EDUCACION CONTINUA | N43: CEI_BOGOTA | O43: Estudiante Nuevo | P43: Contact | Q43: Sello Financiero | R43: Tiene Sello Financiero (Aprobado Directo) | S43: Cohorte 1 | T43: 52834109 | U43: JAVIER ORLANDO HERNANDEZ RIVERA | V43: OP GRADO - INGLÉS | W43: =IF(V43="pregrado",31, IF(V43="posgrados",31, IF(V43="rEINTEGROS",7, IF(V43="BIT",90, IF(V43="OP GRADO - INGLÉS",17,""))))) -> 17 | X43: Jeny Marlen Ordoñez Mendez
A44: 46035.435 | B44: 20112460 | C44: ROMBO V2 | D44: 57551 | E44: OMC | F44: 1214714142 | G44: Yeraldine Yeraldine Vargas Galeano | H44: 100134191 | I44: 202604 | J44: 1214714142 | K44: OPCION DE GRADO | L44: DIP SEG Y SALUD TRA RIES P VIR | M44: EDUCACION CONTINUA | N44: CEI_BOGOTA | O44: Estudiante Nuevo | P44: Contact | Q44: Sello Financiero | R44: Tiene Sello Financiero (Aprobado Directo) | S44: Cohorte 1 | T44: 52834109 | U44: JAVIER ORLANDO HERNANDEZ RIVERA | V44: OP GRADO - INGLÉS | W44: =IF(V44="pregrado",31, IF(V44="posgrados",31, IF(V44="rEINTEGROS",7, IF(V44="BIT",90, IF(V44="OP GRADO - INGLÉS",17,""))))) -> 17 | X44: Jeny Marlen Ordoñez Mendez
A45: 46006.733 | B45: 20107555 | C45: ROMBO V2 | D45: 57552 | E45: OMC | F45: 1106783921 | G45: TATIANA PEREZ RIAÑO | H45: 100134427 | I45: 202604 | J45: 1117826388 | K45: OPCION DE GRADO | L45: CUR MOD GR ESP AUDIT SALUD VIR | M45: EDUCACION CONTINUA | N45: CEI_BOGOTA | O45: Estudiante Nuevo | P45: Contact | Q45: Sello Financiero | R45: Tiene Sello Financiero (Aprobado Directo) | S45: Cohorte 1 | T45: 60345453 | U45: JAVIER ORLANDO HERNANDEZ RIVERA | V45: OP GRADO - INGLÉS | W45: =IF(V45="pregrado",31, IF(V45="posgrados",31, IF(V45="rEINTEGROS",7, IF(V45="BIT",90, IF(V45="OP GRADO - INGLÉS",17,""))))) -> 17 | X45: Claudia Restrepo Gonzalez
A46: 46071.392 | B46: 20124352 | C46: ROMBO V2 | D46: 57562 | E46: OMC | F46: 1003828711 | G46: Johan Sebastian Zambrano Polanco | H46: 100141030 | I46: 202604 | J46: 1003828711 | K46: OPCION DE GRADO | L46: SEM INTEL NEG CON POWER BI VIR | M46: EDUCACION CONTINUA | N46: CEI_BOGOTA | O46: Estudiante Nuevo | P46: Contact | Q46: Sello Financiero | R46: Tiene Sello Financiero (Aprobado Directo) | S46: Cohorte 1 | T46: 52834109 | U46: JAVIER ORLANDO HERNANDEZ RIVERA | V46: OP GRADO - INGLÉS | W46: =IF(V46="pregrado",31, IF(V46="posgrados",31, IF(V46="rEINTEGROS",7, IF(V46="BIT",90, IF(V46="OP GRADO - INGLÉS",17,""))))) -> 17 | X46: Jeny Marlen Ordoñez Mendez
A47: 46039.466 | B47: 20114686 | C47: ROMBO V2 | D47: 57573 | E47: OMC | F47: 1087421900 | G47: Estefani Marilin Vallejo Ascuntar | H47: 100145829 | I47: 202604 | J47: 1087421900 | K47: OPCION DE GRADO | L47: CURSO MOD GRADO GERE SEGUR VIR | M47: EDUCACION CONTINUA | N47: CEI_BOGOTA | O47: Estudiante Nuevo | P47: Contact | Q47: Sello Financiero | R47: Tiene Sello Financiero (Aprobado Directo) | S47: Cohorte 1 | T47: 60345453 | U47: JAVIER ORLANDO HERNANDEZ RIVERA | V47: OP GRADO - INGLÉS | W47: =IF(V47="pregrado",31, IF(V47="posgrados",31, IF(V47="rEINTEGROS",7, IF(V47="BIT",90, IF(V47="OP GRADO - INGLÉS",17,""))))) -> 17 | X47: Claudia Restrepo Gonzalez
A48: 46007.585 | B48: 20107858 | C48: ROMBO V2 | D48: 57580 | E48: OMC | F48: 1002417760 | G48: Caren Yulied Sichaca Carebuena | H48: 100154156 | I48: 202604 | J48: 1002417760 | K48: OPCION DE GRADO | L48: DIP SEG Y SALUD TRA RIES P VIR | M48: EDUCACION CONTINUA | N48: CEI_BOGOTA | O48: Estudiante Nuevo | P48: Contact | Q48: Sello Financiero | R48: Tiene Sello Financiero (Aprobado Directo) | S48: Cohorte 1 | T48: 52834109 | U48: JAVIER ORLANDO HERNANDEZ RIVERA | V48: OP GRADO - INGLÉS | W48: =IF(V48="pregrado",31, IF(V48="posgrados",31, IF(V48="rEINTEGROS",7, IF(V48="BIT",90, IF(V48="OP GRADO - INGLÉS",17,""))))) -> 17 | X48: Jeny Marlen Ordoñez Mendez
A49: 46031.721 | B49: 20112180 | C49: ROMBO V2 | D49: 57596 | E49: OMC | F49: 1016039358 | G49: Piedad Piedad Guzman Olaya | H49: 100159920 | I49: 202604 | J49: 1016039358 | K49: OPCION DE GRADO | L49: DIPLOMADO NIIF VIRTUAL | M49: EDUCACION CONTINUA | N49: CEI_BOGOTA | O49: Estudiante Nuevo | P49: Contact | Q49: Sello Financiero | R49: Tiene Sello Financiero (Aprobado Directo) | S49: Cohorte 1 | T49: 1033714104 | U49: JAVIER ORLANDO HERNANDEZ RIVERA | V49: OP GRADO - INGLÉS | W49: =IF(V49="pregrado",31, IF(V49="posgrados",31, IF(V49="rEINTEGROS",7, IF(V49="BIT",90, IF(V49="OP GRADO - INGLÉS",17,""))))) -> 17 | X49: Ruben Darío Elles Trujillo
A50: 46007.539 | B50: 20107837 | C50: ROMBO V2 | D50: 57597 | E50: OMC | F50: 1120566184 | G50: Juan Giovanni Fonseca Plazas | H50: 100159979 | I50: 202604 | J50: 1120566184 | K50: OPCION DE GRADO | L50: DIP SEG Y SALUD TRA RIES P VIR | M50: EDUCACION CONTINUA | N50: CEI_BOGOTA | O50: Estudiante Nuevo | P50: Contact | Q50: Sello Financiero | R50: Tiene Sello Financiero (Aprobado Directo) | S50: Cohorte 1 | T50: 1033714104 | U50: JAVIER ORLANDO HERNANDEZ RIVERA | V50: OP GRADO - INGLÉS | W50: =IF(V50="pregrado",31, IF(V50="posgrados",31, IF(V50="rEINTEGROS",7, IF(V50="BIT",90, IF(V50="OP GRADO - INGLÉS",17,""))))) -> 17 | X50: Ruben Darío Elles Trujillo
A51: 46014.463 | B51: 20109450 | C51: ROMBO V2 | D51: 57602 | E51: OMC | F51: 20767709 | G51: Ana Orfilia Ordoñez Castro | H51: 100163216 | I51: 202604 | J51: 1025520781 | K51: OPCION DE GRADO | L51: CURSO MOD GRAD GER FINANC VIRT | M51: EDUCACION CONTINUA | N51: CEI_BOGOTA | O51: Estudiante Nuevo | P51: Contact | Q51: Sello Financiero | R51: Tiene Sello Financiero (Aprobado Directo) | S51: Cohorte 1 | T51: 1033714104 | U51: JAVIER ORLANDO HERNANDEZ RIVERA | V51: OP GRADO - INGLÉS | W51: =IF(V51="pregrado",31, IF(V51="posgrados",31, IF(V51="rEINTEGROS",7, IF(V51="BIT",90, IF(V51="OP GRADO - INGLÉS",17,""))))) -> 17 | X51: Ruben Darío Elles Trujillo
A52: 46011.777 | B52: 20109039 | C52: ROMBO V2 | D52: 57608 | E52: OMC | F52: 39739184 | G52: Maria Elena Ramos Cañon | H52: 100165931 | I52: 202604 | J52: 1019090252 | K52: OPCION DE GRADO | L52: CUR MOD GR ESP GES SAL PÚB VIR | M52: EDUCACION CONTINUA | N52: SENA CONVENIO NACIONAL | O52: Estudiante Nuevo | P52: Contact | Q52: Sello Financiero | R52: Tiene Sello Financiero (Aprobado Directo) | S52: Cohorte 1 | T52: 1033714104 | U52: JAVIER ORLANDO HERNANDEZ RIVERA | V52: OP GRADO - INGLÉS | W52: =IF(V52="pregrado",31, IF(V52="posgrados",31, IF(V52="rEINTEGROS",7, IF(V52="BIT",90, IF(V52="OP GRADO - INGLÉS",17,""))))) -> 17 | X52: Ruben Darío Elles Trujillo
... A133: 46051.648 | B133: 20118577 | C133: ROMBO V2 | D133: 60542 | E133: OMC | F133: 1000753058 | G133: Karen Liset Londoño Villada | H133: 100241734 | I133: 202604 | J133: 1000753058 | K133: PRIMER INGRESO | L133: BOOT PRIME PASOS MARKT DIG VIR | M133: EDUCACION CONTINUA | N133: CEI_BOGOTA | O133: Estudiante Nuevo | P133: Contact | Q133: Sello Financiero | R133: Tiene Sello Financiero (Aprobado Directo) | S133: Cohorte 1 | T133: 52221286 | U133: JOHAN SEBASTIAN PARDEYN AGUILAR | V133: BIT | W133: =IF(V133="pregrado",31, IF(V133="posgrados",31, IF(V133="rEINTEGROS",7, IF(V133="BIT",90, IF(V133="OP GRADO - INGLÉS",17,""))))) -> 90 | X133: Luz Yannet Gil Duran
A134: 46052.889 | B134: 20119182 | C134: ROMBO V2 | D134: 60546 | E134: OMC | F134: 1027523134 | G134: Jean Carlos Porras Orjuela | H134: 100099593 | I134: 202604 | J134: 1014656833 | K134: OPCION DE GRADO | L134: DIP SEG Y SALUD TRA RIES P VIR | M134: EDUCACION CONTINUA | N134: 0 | O134: Estudiante Nuevo | P134: Contact | Q134: Sello Financiero | R134: Tiene Sello Financiero (Aprobado Directo) | S134: Cohorte 1 | T134: 60345453 | U134: JAVIER ORLANDO HERNANDEZ RIVERA | V134: OP GRADO - INGLÉS | W134: =IF(V134="pregrado",31, IF(V134="posgrados",31, IF(V134="rEINTEGROS",7, IF(V134="BIT",90, IF(V134="OP GRADO - INGLÉS",17,""))))) -> 17 | X134: Claudia Restrepo Gonzalez
A135: 46069.604 | B135: 20123718 | C135: ROMBO V2 | D135: 60548 | E135: OMC | F135: 1033428371 | G135: Cesar Andres Carmona Marin | H135: 100158362 | I135: 202604 | J135: 1033428371 | K135: OPCION DE GRADO | L135: DIP SEG Y SALUD TRA RIES P VIR | M135: EDUCACION CONTINUA | N135: CEI_BOGOTA | O135: Estudiante Nuevo | P135: Contact | Q135: Sello Financiero | R135: Tiene Sello Financiero (Aprobado Directo) | S135: Cohorte 1 | T135: 1033714104 | U135: JAVIER ORLANDO HERNANDEZ RIVERA | V135: OP GRADO - INGLÉS | W135: =IF(V135="pregrado",31, IF(V135="posgrados",31, IF(V135="rEINTEGROS",7, IF(V135="BIT",90, IF(V135="OP GRADO - INGLÉS",17,""))))) -> 17 | X135: Ruben Darío Elles Trujillo
A136: 46037.417 | B136: 20113456 | C136: ROMBO V2 | D136: 60551 | E136: OMC | F136: 55245002 | G136: Sunamary Suna Torregrosa Hernandez | H136: 100219793 | I136: 202604 | J136: 55245002 | K136: OPCION DE GRADO | L136: SEM AUDIT INTER ISO 45001:2018 | M136: EDUCACION CONTINUA | N136: CEI_BOGOTA | O136: Estudiante Nuevo | P136: Contact | Q136: Sello Financiero | R136: Tiene Sello Financiero (Aprobado Directo) | S136: Cohorte 1 | T136: 1033714104 | U136: JAVIER ORLANDO HERNANDEZ RIVERA | V136: OP GRADO - INGLÉS | W136: =IF(V136="pregrado",31, IF(V136="posgrados",31, IF(V136="rEINTEGROS",7, IF(V136="BIT",90, IF(V136="OP GRADO - INGLÉS",17,""))))) -> 17 | X136: Ruben Darío Elles Trujillo
A137: 46042.68 | B137: 20115426 | C137: ROMBO V2 | D137: 60554 | E137: OMC | F137: 1043414056 | G137: Juan Pablo Zapata Jaramillo jaramillo | H137: 100129865 | I137: 202604 | J137: 1043414056 | K137: OPCION DE GRADO | L137: DIPL OPC GRADO DESLLO WEB VIR | M137: EDUCACION CONTINUA | N137: CEI_BOGOTA | O137: Estudiante Nuevo | P137: Contact | Q137: Sello Financiero | R137: Tiene Sello Financiero (Aprobado Directo) | S137: Cohorte 1 | T137: 1033714104 | U137: JAVIER ORLANDO HERNANDEZ RIVERA | V137: OP GRADO - INGLÉS | W137: =IF(V137="pregrado",31, IF(V137="posgrados",31, IF(V137="rEINTEGROS",7, IF(V137="BIT",90, IF(V137="OP GRADO - INGLÉS",17,""))))) -> 17 | X137: Ruben Darío Elles Trujillo
A138: 46038.466 | B138: 20114151 | C138: ROMBO V2 | D138: 60562 | E138: OMC | F138: 52884494 | G138: Andrea Jaqueline Gallo Neuta | H138: 900008121 | I138: 202604 | J138: 52884494 | K138: OPCION DE GRADO | L138: DIP SEG Y SALUD TRA RIES P VIR | M138: EDUCACION CONTINUA | N138: CEI_BOGOTA | O138: Estudiante Nuevo | P138: Contact | Q138: Sello Financiero | R138: Tiene Sello Financiero (Aprobado Directo) | S138: Cohorte 1 | T138: 52834109 | U138: JAVIER ORLANDO HERNANDEZ RIVERA | V138: OP GRADO - INGLÉS | W138: =IF(V138="pregrado",31, IF(V138="posgrados",31, IF(V138="rEINTEGROS",7, IF(V138="BIT",90, IF(V138="OP GRADO - INGLÉS",17,""))))) -> 17 | X138: Jeny Marlen Ordoñez Mendez
A139: 46052.526 | B139: 20118921 | C139: ROMBO V2 | D139: 60570 | E139: OMC | F139: 1002605086 | G139: Yesly Daniela Lopez Tejedor | H139: 100137594 | I139: 202604 | J139: 1002605086 | K139: PRIMER INGRESO | L139: BOOTCAMP DATA SCIENCE VIRT | M139: EDUCACION CONTINUA | N139: CEI_BOGOTA | O139: Estudiante Nuevo | P139: Contact | Q139: Sello Financiero | R139: Tiene Sello Financiero (Aprobado Directo) | S139: Cohorte 1 | T139: 52221286 | U139: JOHAN SEBASTIAN PARDEYN AGUILAR | V139: BIT | W139: =IF(V139="pregrado",31, IF(V139="posgrados",31, IF(V139="rEINTEGROS",7, IF(V139="BIT",90, IF(V139="OP GRADO - INGLÉS",17,""))))) -> 90 | X139: Luz Yannet Gil Duran
A140: 46038.717 | B140: 20114514 | C140: ROMBO V2 | D140: 60591 | E140: OMC | F140: 1113651654 | G140: María Camila Giraldo Gomez | H140: 100242000 | I140: 202604 | J140: 1114243695 | K140: PRIMER INGRESO | L140: BOOT PRIME PASOS MARKT DIG VIR | M140: EDUCACION CONTINUA | N140: CEI_BOGOTA | O140: Estudiante Nuevo | P140: Contact | Q140: Sello Financiero | R140: Tiene Sello Financiero (Aprobado Directo) | S140: Cohorte 1 | T140: 1018484247 | U140: JOHAN SEBASTIAN PARDEYN AGUILAR | V140: BIT | W140: =IF(V140="pregrado",31, IF(V140="posgrados",31, IF(V140="rEINTEGROS",7, IF(V140="BIT",90, IF(V140="OP GRADO - INGLÉS",17,""))))) -> 90 | X140: Sebastián Harvey Castillo Rodríguez
A141: 46038.702 | B141: 20114495 | C141: ROMBO V2 | D141: 60594 | E141: OMC | F141: 31016471 | G141: Rocio Sanchez Ariza | H141: 100219814 | I141: 202604 | J141: 1123038644 | K141: OPCION DE GRADO | L141: SEM COMPORT APREND Y CAMB ORGA | M141: EDUCACION CONTINUA | N141: CEI_BOGOTA | O141: Estudiante Nuevo | P141: Contact | Q141: Sello Financiero | R141: Tiene Sello Financiero (Aprobado Directo) | S141: Cohorte 1 | T141: 1033714104 | U141: JAVIER ORLANDO HERNANDEZ RIVERA | V141: OP GRADO - INGLÉS | W141: =IF(V141="pregrado",31, IF(V141="posgrados",31, IF(V141="rEINTEGROS",7, IF(V141="BIT",90, IF(V141="OP GRADO - INGLÉS",17,""))))) -> 17 | X141: Ruben Darío Elles Trujillo
A142: 46038.509 | B142: 20114214 | C142: ROMBO V2 | D142: 60606 | E142: OMC | F142: 64563726 | G142: LUZ HELENA CASTRO MADERA | H142: 100242071 | I142: 202604 | J142: 1044604657 | K142: PRIMER INGRESO | L142: BOOT DES WEB FUL STACK 400 ONL | M142: EDUCACION CONTINUA | N142: CEI_BOGOTA | O142: Estudiante Nuevo | P142: Contact | Q142: Sello Financiero | R142: Tiene Sello Financiero (Aprobado Directo) | S142: Cohorte 1 | T142: 1019052150 | U142: JOHAN SEBASTIAN PARDEYN AGUILAR | V142: BIT | W142: =IF(V142="pregrado",31, IF(V142="posgrados",31, IF(V142="rEINTEGROS",7, IF(V142="BIT",90, IF(V142="OP GRADO - INGLÉS",17,""))))) -> 90 | X142: Helmuth Stiven Navas Landazuri
A143: 46052.732 | B143: 20119136 | C143: ROMBO V2 | D143: 60618 | E143: OMC | F143: 72203630 | G143: armando beleño bolaño | H143: 100121144 | I143: 202604 | J143: 1064114548 | K143: OPCION DE GRADO | L143: DIPLOMADO TELEPSICOLOGIA VIR | M143: EDUCACION CONTINUA | N143: CEI_BOGOTA | O143: Estudiante Nuevo | P143: Contact | Q143: Sello Financiero | R143: Tiene Sello Financiero (Aprobado Directo) | S143: Cohorte 1 | T143: 1033714104 | U143: JAVIER ORLANDO HERNANDEZ RIVERA | V143: OP GRADO - INGLÉS | W143: =IF(V143="pregrado",31, IF(V143="posgrados",31, IF(V143="rEINTEGROS",7, IF(V143="BIT",90, IF(V143="OP GRADO - INGLÉS",17,""))))) -> 17 | X143: Ruben Darío Elles Trujillo
A144: 46038.654 | B144: 20114409 | C144: ROMBO V2 | D144: 60622 | E144: OMC | F144: 1001593631 | G144: Yessenia Yessenia Urango Vargas | H144: 100242144 | I144: 202604 | J144: 1001593631 | K144: PRIMER INGRESO | L144: BOOTCAMP DATA SCIENCE VIRT | M144: EDUCACION CONTINUA | N144: CEI_BOGOTA | O144: Estudiante Nuevo | P144: Contact | Q144: Sello Financiero | R144: Tiene Sello Financiero (Aprobado Directo) | S144: Cohorte 1 | T144: 1000788047 | U144: JOHAN SEBASTIAN PARDEYN AGUILAR | V144: BIT | W144: =IF(V144="pregrado",31, IF(V144="posgrados",31, IF(V144="rEINTEGROS",7, IF(V144="BIT",90, IF(V144="OP GRADO - INGLÉS",17,""))))) -> 90 | X144: Lizeth Helena Puerto Pinto
A145: 46055.629 | B145: 20119707 | C145: ROMBO V2 | D145: 60627 | E145: OMC | F145: 38684244 | G145: Derly Yohana Rivas Caicedo | H145: 100195506 | I145: 202604 | J145: 1006101870 | K145: OPCION DE GRADO | L145: CUR MOD GR ESP INTEL ARTIF VIR | M145: EDUCACION CONTINUA | N145: CEI_BOGOTA | O145: Estudiante Nuevo | P145: Contact | Q145: Sello Financiero | R145: Tiene Sello Financiero (Aprobado Directo) | S145: Cohorte 1 | T145: 1033714104 | U145: JAVIER ORLANDO HERNANDEZ RIVERA | V145: OP GRADO - INGLÉS | W145: =IF(V145="pregrado",31, IF(V145="posgrados",31, IF(V145="rEINTEGROS",7, IF(V145="BIT",90, IF(V145="OP GRADO - INGLÉS",17,""))))) -> 17 | X145: Ruben Darío Elles Trujillo
A146: 46051.449 | B146: 20118393 | C146: ROMBO V2 | D146: 60635 | E146: OMC | F146: 1013597290 | G146: Diana Marcela Rueda Pinzon | H146: 100097200 | I146: 202604 | J146: 1013597290 | K146: OPCION DE GRADO | L146: SEM INTEL NEG CON POWER BI VIR | M146: EDUCACION CONTINUA | N146: CEI_BOGOTA | O146: Estudiante Nuevo | P146: Contact | Q146: Sello Financiero | R146: Tiene Sello Financiero (Aprobado Directo) | S146: Cohorte 1 | T146: 52834109 | U146: JAVIER ORLANDO HERNANDEZ RIVERA | V146: OP GRADO - INGLÉS | W146: =IF(V146="pregrado",31, IF(V146="posgrados",31, IF(V146="rEINTEGROS",7, IF(V146="BIT",90, IF(V146="OP GRADO - INGLÉS",17,""))))) -> 17 | X146: Jeny Marlen Ordoñez Mendez
... A178: 46056.615 | B178: 20120135 | C178: ROMBO V2 | D178: 62698 | E178: OMC | F178: 1010013143 | G178: Angie Natalia Pinzon Susa | H178: 100116120 | I178: 202604 | J178: 1010013143 | K178: OPCION DE GRADO | L178: DIPLOMADO TELEPSICOLOGIA VIR | M178: EDUCACION CONTINUA | N178: CEI_BOGOTA | O178: Estudiante Nuevo | P178: Contact | Q178: Sello Financiero | R178: Tiene Sello Financiero (Aprobado Directo) | S178: Cohorte 1 | T178: 1033714104 | U178: JAVIER ORLANDO HERNANDEZ RIVERA | V178: OP GRADO - INGLÉS | W178: =IF(V178="pregrado",31, IF(V178="posgrados",31, IF(V178="rEINTEGROS",7, IF(V178="BIT",90, IF(V178="OP GRADO - INGLÉS",17,""))))) -> 17 | X178: Ruben Darío Elles Trujillo
A179: 46050.505 | B179: 20117953 | C179: ROMBO V2 | D179: 62700 | E179: OMC | F179: 1003764404 | G179: yessica marlen mejia naranjo | H179: 100226724 | I179: 202604 | J179: 1003764404 | K179: OPCION DE GRADO | L179: SEM AUDIT INTER ISO 45001:2018 | M179: EDUCACION CONTINUA | N179: 0 | O179: Estudiante Nuevo | P179: Contact | Q179: Sello Financiero | R179: Tiene Sello Financiero (Aprobado Directo) | S179: Cohorte 1 | T179: 60345453 | U179: JAVIER ORLANDO HERNANDEZ RIVERA | V179: OP GRADO - INGLÉS | W179: =IF(V179="pregrado",31, IF(V179="posgrados",31, IF(V179="rEINTEGROS",7, IF(V179="BIT",90, IF(V179="OP GRADO - INGLÉS",17,""))))) -> 17 | X179: Claudia Restrepo Gonzalez
A180: 46046.389 | B180: 20116804 | C180: ROMBO V2 | D180: 62701 | E180: OMC | F180: 1002330152 | G180: Julian Jancarlo Acero Saenz | H180: 100243275 | I180: 202604 | J180: 1002330152 | K180: PRIMER INGRESO | L180: FUNDAMENTOS D PROGRAMACIÓN VIR | M180: EDUCACION CONTINUA | N180: CEI_BOGOTA | O180: Estudiante Nuevo | P180: Contact | Q180: Sello Financiero | R180: Tiene Sello Financiero (Aprobado Directo) | S180: Cohorte 1 | T180: 1019052150 | U180: JOHAN SEBASTIAN PARDEYN AGUILAR | V180: BIT | W180: =IF(V180="pregrado",31, IF(V180="posgrados",31, IF(V180="rEINTEGROS",7, IF(V180="BIT",90, IF(V180="OP GRADO - INGLÉS",17,""))))) -> 90 | X180: Helmuth Stiven Navas Landazuri
A181: 46052.692 | B181: 20119079 | C181: ROMBO V2 | D181: 62710 | E181: OMC | F181: 1020763728 | G181: paula andrea pineda sanchez | H181: 100243559 | I181: 202604 | J181: 1032507440 | K181: PRIMER INGRESO | L181: BOOTCAMP DATA SCIENCE VIRT | M181: EDUCACION CONTINUA | N181: CEI_BOGOTA | O181: Estudiante Nuevo | P181: Contact | Q181: Sello Financiero | R181: Tiene Sello Financiero (Aprobado Directo) | S181: Cohorte 1 | T181: 1019052150 | U181: JOHAN SEBASTIAN PARDEYN AGUILAR | V181: BIT | W181: =IF(V181="pregrado",31, IF(V181="posgrados",31, IF(V181="rEINTEGROS",7, IF(V181="BIT",90, IF(V181="OP GRADO - INGLÉS",17,""))))) -> 90 | X181: Helmuth Stiven Navas Landazuri
A182: 46052.944 | B182: 20119186 | C182: ROMBO V2 | D182: 62717 | E182: OMC | F182: 51813370 | G182: Blanca Ester Vargas Perez | H182: 100195272 | I182: 202604 | J182: 1012338273 | K182: OPCION DE GRADO | L182: CURSO MOD GRAD GER FINANC VIRT | M182: EDUCACION CONTINUA | N182: CEI_BOGOTA | O182: Estudiante Nuevo | P182: Contact | Q182: Sello Financiero | R182: Tiene Sello Financiero (Aprobado Directo) | S182: Cohorte 1 | T182: 1033714104 | U182: JAVIER ORLANDO HERNANDEZ RIVERA | V182: OP GRADO - INGLÉS | W182: =IF(V182="pregrado",31, IF(V182="posgrados",31, IF(V182="rEINTEGROS",7, IF(V182="BIT",90, IF(V182="OP GRADO - INGLÉS",17,""))))) -> 17 | X182: Ruben Darío Elles Trujillo
A183: 46051.433 | B183: 20118370 | C183: ROMBO V2 | D183: 62724 | E183: OMC | F183: 1073716066 | G183: Darly Estefania Jimenez Acosta | H183: 100179298 | I183: 202604 | J183: 1127077643 | K183: OPCION DE GRADO | L183: CUR MOD GRADO ESP CIBERSEG VIR | M183: EDUCACION CONTINUA | N183: CEI_BOGOTA | O183: Estudiante Nuevo | P183: Contact | Q183: Sello Financiero | R183: Tiene Sello Financiero (Aprobado Directo) | S183: Cohorte 1 | T183: 1033714104 | U183: JAVIER ORLANDO HERNANDEZ RIVERA | V183: OP GRADO - INGLÉS | W183: =IF(V183="pregrado",31, IF(V183="posgrados",31, IF(V183="rEINTEGROS",7, IF(V183="BIT",90, IF(V183="OP GRADO - INGLÉS",17,""))))) -> 17 | X183: Ruben Darío Elles Trujillo
A184: 46049.612 | B184: 20117587 | C184: ROMBO V2 | D184: 62731 | E184: OMC | F184: 79896565 | G184: JAVIER ALEXANDER COLMENARES VARGAS | H184: 100147701 | I184: 202604 | J184: 36313082 | K184: OPCION DE GRADO | L184: CUR MOD GRA ESP NEUROPS ED VIR | M184: EDUCACION CONTINUA | N184: CEI_BOGOTA | O184: Estudiante Nuevo | P184: Contact | Q184: Sello Financiero | R184: Tiene Sello Financiero (Aprobado Directo) | S184: Cohorte 1 | T184: 60345453 | U184: JAVIER ORLANDO HERNANDEZ RIVERA | V184: OP GRADO - INGLÉS | W184: =IF(V184="pregrado",31, IF(V184="posgrados",31, IF(V184="rEINTEGROS",7, IF(V184="BIT",90, IF(V184="OP GRADO - INGLÉS",17,""))))) -> 17 | X184: Claudia Restrepo Gonzalez
A185: 46048.718 | B185: 20117310 | C185: ROMBO V2 | D185: 62741 | E185: OMC | F185: 1125273978 | G185: Robin Stiven Mendoza Mosquera | H185: 100100069 | I185: 202604 | J185: 1125273978 | K185: OPCION DE GRADO | L185: SEM AUDIT INTER ISO 45001:2018 | M185: EDUCACION CONTINUA | N185: CEI_BOGOTA | O185: Estudiante Nuevo | P185: Contact | Q185: Sello Financiero | R185: Tiene Sello Financiero (Aprobado Directo) | S185: Cohorte 1 | T185: 1033714104 | U185: JAVIER ORLANDO HERNANDEZ RIVERA | V185: OP GRADO - INGLÉS | W185: =IF(V185="pregrado",31, IF(V185="posgrados",31, IF(V185="rEINTEGROS",7, IF(V185="BIT",90, IF(V185="OP GRADO - INGLÉS",17,""))))) -> 17 | X185: Ruben Darío Elles Trujillo
A186: 46079.473 | B186: 20126493 | C186: ROMBO V2 | D186: 62743 | E186: OMC | F186: 98432203 | G186: LEDER FERNADO CASTILLO ALEGRIA | H186: 100185378 | I186: 202604 | J186: 98432203 | K186: OPCION DE GRADO | L186: SEM PRO LID ORG Y TR TH DG VIR | M186: EDUCACION CONTINUA | N186: CEI_BOGOTA | O186: Estudiante Nuevo | P186: Contact | Q186: Sello Financiero | R186: Tiene Sello Financiero (Aprobado Directo) | S186: Cohorte 1 | T186: 1033714104 | U186: JAVIER ORLANDO HERNANDEZ RIVERA | V186: OP GRADO - INGLÉS | W186: =IF(V186="pregrado",31, IF(V186="posgrados",31, IF(V186="rEINTEGROS",7, IF(V186="BIT",90, IF(V186="OP GRADO - INGLÉS",17,""))))) -> 17 | X186: Ruben Darío Elles Trujillo
A187: 46079.608 | B187: 20126572 | C187: ROMBO V2 | D187: 62744 | E187: OMC | F187: 52259779 | G187: Maite Mireya Cortes Godoy | H187: 100232010 | I187: 202604 | J187: 1007698578 | K187: OPCION DE GRADO | L187: SEM PRO LID ORG Y TR TH DG VIR | M187: EDUCACION CONTINUA | N187: CEI_BOGOTA | O187: Estudiante Nuevo | P187: Contact | Q187: Sello Financiero | R187: Tiene Sello Financiero (Aprobado Directo) | S187: Cohorte 1 | T187: 1033714104 | U187: JAVIER ORLANDO HERNANDEZ RIVERA | V187: OP GRADO - INGLÉS | W187: =IF(V187="pregrado",31, IF(V187="posgrados",31, IF(V187="rEINTEGROS",7, IF(V187="BIT",90, IF(V187="OP GRADO - INGLÉS",17,""))))) -> 17 | X187: Ruben Darío Elles Trujillo
A188: 46050.435 | B188: 20117885 | C188: ROMBO V2 | D188: 62757 | E188: OMC | F188: 41400586 | G188: clelia perea posso | H188: 100111977 | I188: 202604 | J188: 1000974201 | K188: OPCION DE GRADO | L188: DIPLOMADO TELEPSICOLOGIA VIR | M188: EDUCACION CONTINUA | N188: CEI_BOGOTA | O188: Estudiante Nuevo | P188: Contact | Q188: Sello Financiero | R188: Tiene Sello Financiero (Aprobado Directo) | S188: Cohorte 1 | T188: 60345453 | U188: JAVIER ORLANDO HERNANDEZ RIVERA | V188: OP GRADO - INGLÉS | W188: =IF(V188="pregrado",31, IF(V188="posgrados",31, IF(V188="rEINTEGROS",7, IF(V188="BIT",90, IF(V188="OP GRADO - INGLÉS",17,""))))) -> 17 | X188: Claudia Restrepo Gonzalez
A189: 46050.961 | B189: 20118288 | C189: ROMBO V2 | D189: 62762 | E189: OMC | F189: 1061792786 | G189: Zuly Andreyna Ruano Madroñero | H189: 100069465 | I189: 202604 | J189: 1061792786 | K189: OPCION DE GRADO | L189: DIP SEG Y SALUD TRA RIES P VIR | M189: EDUCACION CONTINUA | N189: CEI_BOGOTA | O189: Estudiante Nuevo | P189: Contact | Q189: Sello Financiero | R189: Tiene Sello Financiero (Aprobado Directo) | S189: Cohorte 1 | T189: 60345453 | U189: JAVIER ORLANDO HERNANDEZ RIVERA | V189: OP GRADO - INGLÉS | W189: =IF(V189="pregrado",31, IF(V189="posgrados",31, IF(V189="rEINTEGROS",7, IF(V189="BIT",90, IF(V189="OP GRADO - INGLÉS",17,""))))) -> 17 | X189: Claudia Restrepo Gonzalez
A190: 46049.662 | B190: 20117657 | C190: ROMBO V2 | D190: 62763 | E190: OMC | F190: 1007244150 | G190: Ingrid Johana Gracia Cedeño cedeño | H190: 100127160 | I190: 202604 | J190: 1007244150 | K190: OPCION DE GRADO | L190: CURSO MOD DE GRADO CALIDAD VIR | M190: EDUCACION CONTINUA | N190: CEI_BOGOTA | O190: Estudiante Nuevo | P190: Contact | Q190: Sello Financiero | R190: Tiene Sello Financiero (Aprobado Directo) | S190: Cohorte 1 | T190: 52834109 | U190: JAVIER ORLANDO HERNANDEZ RIVERA | V190: OP GRADO - INGLÉS | W190: =IF(V190="pregrado",31, IF(V190="posgrados",31, IF(V190="rEINTEGROS",7, IF(V190="BIT",90, IF(V190="OP GRADO - INGLÉS",17,""))))) -> 17 | X190: Jeny Marlen Ordoñez Mendez
A191: 46050.459 | B191: 20117903 | C191: ROMBO V2 | D191: 62764 | E191: OMC | F191: 1000855591 | G191: Sharon Vanessa Barreto Parra | H191: 100060529 | I191: 202604 | J191: 1000855591 | K191: OPCION DE GRADO | L191: SEM INTEL NEG CON POWER BI VIR | M191: EDUCACION CONTINUA | N191: CEI_BOGOTA | O191: Estudiante Nuevo | P191: Contact | Q191: Sello Financiero | R191: Tiene Sello Financiero (Aprobado Directo) | S191: Cohorte 1 | T191: 1033714104 | U191: JAVIER ORLANDO HERNANDEZ RIVERA | V191: OP GRADO - INGLÉS | W191: =IF(V191="pregrado",31, IF(V191="posgrados",31, IF(V191="rEINTEGROS",7, IF(V191="BIT",90, IF(V191="OP GRADO - INGLÉS",17,""))))) -> 17 | X191: Ruben Darío Elles Trujillo
... A326: 46077.833 | B326: 20126133 | C326: ROMBO V2 | D326: 63744 | E326: OMC | F326: 52300725 | G326: Rocio Ubaque Jimenez | H326: 100247460 | I326: 202604 | J326: 1012387696 | K326: PRIMER INGRESO | L326: BOOTCAMP EN DISEÑO UX/UI VIR | M326: EDUCACION CONTINUA | N326: CEI_BOGOTA | O326: Estudiante Nuevo | P326: Contact | Q326: Sello Financiero | R326: Tiene Sello Financiero (Aprobado Directo) | S326: Cohorte 1 | T326: 1065824282 | U326: JOHAN SEBASTIAN PARDEYN AGUILAR | V326: BIT | W326: =IF(V326="pregrado",31, IF(V326="posgrados",31, IF(V326="rEINTEGROS",7, IF(V326="BIT",90, IF(V326="OP GRADO - INGLÉS",17,""))))) -> 90 | X326: Karol natalia fontalvo moreno
A327: 46080.76 | B327: 20126984 | C327: ROMBO V2 | D327: 63750 | E327: OMC | F327: 65555769 | G327: Fanny Patricia Romero Bonilla | H327: 100192494 | I327: 202604 | J327: 1000286619 | K327: OPCION DE GRADO | L327: OP IBN AGIL PROJEC MANAGEM VIR | M327: EDUCACION CONTINUA | N327: 0 | O327: Estudiante Nuevo | P327: Contact | Q327: Sello Financiero | R327: Tiene Sello Financiero (Aprobado Directo) | S327: Cohorte 1 | T327: 60345453 | U327: JAVIER ORLANDO HERNANDEZ RIVERA | V327: OP GRADO - INGLÉS | W327: =IF(V327="pregrado",31, IF(V327="posgrados",31, IF(V327="rEINTEGROS",7, IF(V327="BIT",90, IF(V327="OP GRADO - INGLÉS",17,""))))) -> 17 | X327: Claudia Restrepo Gonzalez
A328: 46078.756 | B328: 20126357 | C328: ROMBO V2 | D328: 63771 | E328: OMC | F328: 94399711 | G328: PAUL SAMET CELIS CUCALON | H328: 100247633 | I328: 202604 | J328: 1108338203 | K328: PRIMER INGRESO | L328: BOOT PRIME PASOS MARKT DIG VIR | M328: EDUCACION CONTINUA | N328: CEI_BOGOTA | O328: Estudiante Nuevo | P328: Contact | Q328: Sello Financiero | R328: Tiene Sello Financiero (Aprobado Directo) | S328: Cohorte 1 | T328: 1065824282 | U328: JOHAN SEBASTIAN PARDEYN AGUILAR | V328: BIT | W328: =IF(V328="pregrado",31, IF(V328="posgrados",31, IF(V328="rEINTEGROS",7, IF(V328="BIT",90, IF(V328="OP GRADO - INGLÉS",17,""))))) -> 90 | X328: Karol natalia fontalvo moreno
A329: 46078.557 | B329: 20126257 | C329: ROMBO V2 | D329: 63777 | E329: OMC | F329: 9528116 | G329: Luis Fernando Niño Salamanca | H329: 100247724 | I329: 202604 | J329: 1098676336 | K329: PRIMER INGRESO | L329: BOOT PRIME PASOS MARKT DIG VIR | M329: EDUCACION CONTINUA | N329: CEI_BOGOTA | O329: Estudiante Nuevo | P329: Contact | Q329: Sello Financiero | R329: Tiene Sello Financiero (Aprobado Directo) | S329: Cohorte 1 | T329: 1065824282 | U329: JOHAN SEBASTIAN PARDEYN AGUILAR | V329: BIT | W329: =IF(V329="pregrado",31, IF(V329="posgrados",31, IF(V329="rEINTEGROS",7, IF(V329="BIT",90, IF(V329="OP GRADO - INGLÉS",17,""))))) -> 90 | X329: Karol natalia fontalvo moreno
A330: 46080.421 | B330: 20126781 | C330: ROMBO V2 | D330: 63779 | E330: OMC | F330: 1193208959 | G330: Deicy Gohanna Zetabobo Salamanca | H330: 100247726 | I330: 202604 | J330: 1023908891 | K330: PRIMER INGRESO | L330: BOOTCAMP DATA SCIENCE VIRT | M330: EDUCACION CONTINUA | N330: CEI_BOGOTA | O330: Estudiante Nuevo | P330: Contact | Q330: Sello Financiero | R330: Tiene Sello Financiero (Aprobado Directo) | S330: Cohorte 1 | T330: 1193566421 | U330: JOHAN SEBASTIAN PARDEYN AGUILAR | V330: BIT | W330: =IF(V330="pregrado",31, IF(V330="posgrados",31, IF(V330="rEINTEGROS",7, IF(V330="BIT",90, IF(V330="OP GRADO - INGLÉS",17,""))))) -> 90 | X330: Juan Daniel Andrade Herrera
A331: 46079.531 | B331: 20126533 | C331: ROMBO V2 | D331: 63788 | E331: OMC | F331: 1014274065 | G331: Antony Farid Escobar Cordillo | H331: 100247781 | I331: 202604 | J331: 1014274065 | K331: PRIMER INGRESO | L331: BOOT DES WEB FUL STACK 400 VIR | M331: EDUCACION CONTINUA | N331: CEI_BOGOTA | O331: Estudiante Nuevo | P331: Contact | Q331: Sello Financiero | R331: Tiene Sello Financiero (Aprobado Directo) | S331: Cohorte 1 | T331: 1000788047 | U331: JOHAN SEBASTIAN PARDEYN AGUILAR | V331: BIT | W331: =IF(V331="pregrado",31, IF(V331="posgrados",31, IF(V331="rEINTEGROS",7, IF(V331="BIT",90, IF(V331="OP GRADO - INGLÉS",17,""))))) -> 90 | X331: Lizeth Helena Puerto Pinto
A332: 46079.445 | B332: 20126469 | C332: ROMBO V2 | D332: 63794 | E332: OMC | F332: 1085939767 | G332: Jorge Antonio Pineda Benavides | H332: 100247832 | I332: 202604 | J332: 1085939767 | K332: PRIMER INGRESO | L332: BOOTCAMP EN DISEÑO UX/UI VIR | M332: EDUCACION CONTINUA | N332: CEI_BOGOTA | O332: Estudiante Nuevo | P332: Contact | Q332: Sello Financiero | R332: Tiene Sello Financiero (Aprobado Directo) | S332: Cohorte 1 | T332: 1065824282 | U332: JOHAN SEBASTIAN PARDEYN AGUILAR | V332: BIT | W332: =IF(V332="pregrado",31, IF(V332="posgrados",31, IF(V332="rEINTEGROS",7, IF(V332="BIT",90, IF(V332="OP GRADO - INGLÉS",17,""))))) -> 90 | X332: Karol natalia fontalvo moreno
A333: 46083.626 | B333: 20127261 | C333: ROMBO V2 | D333: 63804 | E333: OMC | F333: 1065374205 | G333: Yamile Yamile Caret Basilio | H333: 100065987 | I333: 202604 | J333: 1065374205 | K333: OPCION DE GRADO | L333: DIP SEG Y SALUD TRA RIES P VIR | M333: EDUCACION CONTINUA | N333: CEI_BOGOTA | O333: Estudiante Nuevo | P333: Contact | Q333: Sello Financiero | R333: Tiene Sello Financiero (Aprobado Directo) | S333: Cohorte 1 | T333: 52834109 | U333: JAVIER ORLANDO HERNANDEZ RIVERA | V333: OP GRADO - INGLÉS | W333: =IF(V333="pregrado",31, IF(V333="posgrados",31, IF(V333="rEINTEGROS",7, IF(V333="BIT",90, IF(V333="OP GRADO - INGLÉS",17,""))))) -> 17 | X333: Jeny Marlen Ordoñez Mendez
A334: 46080.464 | B334: 20126812 | C334: ROMBO V2 | D334: 63816 | E334: OMC | F334: 1005571259 | G334: Maryan Maryan Andrade Cuello | H334: 100234098 | I334: 202604 | J334: 1005571259 | K334: OPCION DE GRADO | L334: SEM INTEL NEG CON POWER BI VIR | M334: EDUCACION CONTINUA | N334: CEI_BOGOTA | O334: Estudiante Nuevo | P334: Contact | Q334: Sello Financiero | R334: Tiene Sello Financiero (Aprobado Directo) | S334: Cohorte 1 | T334: 52834109 | U334: JAVIER ORLANDO HERNANDEZ RIVERA | V334: OP GRADO - INGLÉS | W334: =IF(V334="pregrado",31, IF(V334="posgrados",31, IF(V334="rEINTEGROS",7, IF(V334="BIT",90, IF(V334="OP GRADO - INGLÉS",17,""))))) -> 17 | X334: Jeny Marlen Ordoñez Mendez
A335: 46080.614 | B335: 20126882 | C335: ROMBO V2 | D335: 63817 | E335: OMC | F335: 1049372704 | G335: Rigoberto Rigoberto Murillo Plazas | H335: 100029996 | I335: 202604 | J335: 1049372704 | K335: PRIMER INGRESO | L335: BOOTCAMP DATA SCIENCE VIRT | M335: EDUCACION CONTINUA | N335: CEI_BOGOTA | O335: Estudiante Nuevo | P335: Contact | Q335: Sello Financiero | R335: Tiene Sello Financiero (Aprobado Directo) | S335: Cohorte 1 | T335: 52221286 | U335: JOHAN SEBASTIAN PARDEYN AGUILAR | V335: BIT | W335: =IF(V335="pregrado",31, IF(V335="posgrados",31, IF(V335="rEINTEGROS",7, IF(V335="BIT",90, IF(V335="OP GRADO - INGLÉS",17,""))))) -> 90 | X335: Luz Yannet Gil Duran
A336: 46080.597 | B336: 20126872 | C336: ROMBO V2 | D336: 63822 | E336: OMC | F336: 1134329802 | G336: Brayan Yesith Villa Charris | H336: 100247960 | I336: 202604 | J336: 1134329802 | K336: PRIMER INGRESO | L336: BOOT DES WEB FUL STACK 400 ONL | M336: EDUCACION CONTINUA | N336: CEI_BOGOTA | O336: Estudiante Nuevo | P336: Contact | Q336: Sello Financiero | R336: Tiene Sello Financiero (Aprobado Directo) | S336: Cohorte 1 | T336: 1018484247 | U336: JOHAN SEBASTIAN PARDEYN AGUILAR | V336: BIT | W336: =IF(V336="pregrado",31, IF(V336="posgrados",31, IF(V336="rEINTEGROS",7, IF(V336="BIT",90, IF(V336="OP GRADO - INGLÉS",17,""))))) -> 90 | X336: Sebastián Harvey Castillo Rodríguez
A337: 46080.633 | B337: 20126895 | C337: ROMBO V2 | D337: 63827 | E337: OMC | F337: 1032461890 | G337: Jonnathan Joseph Real Vaca | H337: 100247977 | I337: 202604 | J337: 1032461890 | K337: PRIMER INGRESO | L337: BOOTCAMP EN DISEÑO UX/UI VIR | M337: EDUCACION CONTINUA | N337: CEI_BOGOTA | O337: Estudiante Nuevo | P337: Contact | Q337: Sello Financiero | R337: Tiene Sello Financiero (Aprobado Directo) | S337: Cohorte 1 | T337: 1193566421 | U337: JOHAN SEBASTIAN PARDEYN AGUILAR | V337: BIT | W337: =IF(V337="pregrado",31, IF(V337="posgrados",31, IF(V337="rEINTEGROS",7, IF(V337="BIT",90, IF(V337="OP GRADO - INGLÉS",17,""))))) -> 90 | X337: Juan Daniel Andrade Herrera
A338: 46081.506 | B338: 20127063 | C338: ROMBO V2 | D338: 63831 | E338: OMC | F338: 52076726 | G338: RUBIELA MOJICA BOLAÑOS | H338: 100248044 | I338: 202604 | J338: 1022956847 | K338: PRIMER INGRESO | L338: BOOT DES WEB FUL STACK 400 ONL | M338: EDUCACION CONTINUA | N338: CEI_BOGOTA | O338: Estudiante Nuevo | P338: Contact | Q338: Sello Financiero | R338: Tiene Sello Financiero (Aprobado Directo) | S338: Cohorte 1 | T338: 1018484247 | U338: JOHAN SEBASTIAN PARDEYN AGUILAR | V338: BIT | W338: =IF(V338="pregrado",31, IF(V338="posgrados",31, IF(V338="rEINTEGROS",7, IF(V338="BIT",90, IF(V338="OP GRADO - INGLÉS",17,""))))) -> 90 | X338: Sebastián Harvey Castillo Rodríguez
A339: 46087.43 | B339: 20127870 | C339: ROMBO V2 | D339: 63834 | E339: OMC | F339: 1121966148 | G339: Cristian Alejandro Fandiño Mesa | H339: 100163716 | I339: 202604 | J339: 1014267022 | K339: OPCION DE GRADO | L339: OP IBN AGIL PROJEC MANAGEM VIR | M339: EDUCACION CONTINUA | N339: CEI_BOGOTA | O339: Estudiante Nuevo | P339: Contact | Q339: Sello Financiero | R339: Tiene Sello Financiero (Aprobado Directo) | S339: Cohorte 1 | T339: 52834109 | U339: JAVIER ORLANDO HERNANDEZ RIVERA | V339: OP GRADO - INGLÉS | W339: =IF(V339="pregrado",31, IF(V339="posgrados",31, IF(V339="rEINTEGROS",7, IF(V339="BIT",90, IF(V339="OP GRADO - INGLÉS",17,""))))) -> 17 | X339: Jeny Marlen Ordoñez Mendez
... A348: 46087.38 | B348: 20127855 | C348: ROMBO V2 | D348: 63865 | E348: OMC | F348: 1121861949 | G348: MAYRA ALEJANDRA CHAVEZ RODRIGUEZ | H348: 100232150 | I348: 202604 | J348: 1018484247 | K348: PRIMER INGRESO | L348: BOOTCAMP DATA SCIENCE VIRT | M348: EDUCACION CONTINUA | N348: CEI_BOGOTA | O348: Estudiante Nuevo | P348: Contact | Q348: Sello Financiero | R348: Tiene Sello Financiero (Aprobado Directo) | S348: Cohorte 1 | T348: 1018484247 | U348: JOHAN SEBASTIAN PARDEYN AGUILAR | V348: BIT | W348: =IF(V348="pregrado",31, IF(V348="posgrados",31, IF(V348="rEINTEGROS",7, IF(V348="BIT",90, IF(V348="OP GRADO - INGLÉS",17,""))))) -> 90 | X348: Sebastián Harvey Castillo Rodríguez
A349: 46086 | B349: 20127720 | C349: ROMBO V2 | D349: 63879 | E349: OMC | F349: 1116246824 | G349: Frederick Frederick Murcia Melchor | H349: 100230563 | I349: 202605 | J349: 1116246824 | K349: OPCION DE GRADO | L349: SEM AUDIT INTER ISO 45001:2018 | M349: EDUCACION CONTINUA | N349: CEI_BOGOTA | O349: Estudiante Nuevo | P349: Contact | Q349: Sello Financiero | R349: Tiene Sello Financiero (Aprobado Directo) | S349: Cohorte 2 | T349: =_xlfn.XLOOKUP(X349,Hoja2!D:D,Hoja2!A:A) -> 60345453 | U349: =_xlfn.XLOOKUP(X349,Hoja2!D:D,Hoja2!B:B) -> JAVIER ORLANDO HERNANDEZ RIVERA | V349: =_xlfn.XLOOKUP(X349,Hoja2!D:D,Hoja2!C:C) -> OP GRADO - INGLÉS | W349: =IF(V349="pregrado",31, IF(V349="posgrados",31, IF(V349="rEINTEGROS",7, IF(V349="BIT",90, IF(V349="OP GRADO - INGLÉS",17,""))))) -> 17 | X349: Claudia Restrepo Gonzalez
A350: 46089 | B350: 20128017 | C350: ROMBO V2 | D350: 63880 | E350: OMC | F350: 1087195101 | G350: Jessica Julissa Silva George | H350: 100230956 | I350: 202605 | J350: 1087195101 | K350: OPCION DE GRADO | L350: SEM HABILI SERVIC DE SALUD VIR | M350: EDUCACION CONTINUA | N350: CEI_BOGOTA | O350: Estudiante Nuevo | P350: Contact | Q350: Sello Financiero | R350: Tiene Sello Financiero (Aprobado Directo) | S350: Cohorte 2 | T350: =_xlfn.XLOOKUP(X350,Hoja2!D:D,Hoja2!A:A) -> 60345453 | U350: =_xlfn.XLOOKUP(X350,Hoja2!D:D,Hoja2!B:B) -> JAVIER ORLANDO HERNANDEZ RIVERA | V350: =_xlfn.XLOOKUP(X350,Hoja2!D:D,Hoja2!C:C) -> OP GRADO - INGLÉS | W350: =IF(V350="pregrado",31, IF(V350="posgrados",31, IF(V350="rEINTEGROS",7, IF(V350="BIT",90, IF(V350="OP GRADO - INGLÉS",17,""))))) -> 17 | X350: Claudia Restrepo Gonzalez
A351: 46086.463 | B351: 20127751 | C351: ROMBO V2 | D351: 63887 | E351: OMC | F351: 1019603217 | G351: Esteban Esteban Zapata González | H351: 100248299 | I351: 202604 | J351: 1019603217 | K351: PRIMER INGRESO | L351: BOOT DES WEB FUL STACK 400 VIR | M351: EDUCACION CONTINUA | N351: CEI_BOGOTA | O351: Estudiante Nuevo | P351: Contact | Q351: Sello Financiero | R351: Tiene Sello Financiero (Aprobado Directo) | S351: Cohorte 1 | T351: 1123442099 | U351: JOHAN SEBASTIAN PARDEYN AGUILAR | V351: BIT | W351: =IF(V351="pregrado",31, IF(V351="posgrados",31, IF(V351="rEINTEGROS",7, IF(V351="BIT",90, IF(V351="OP GRADO - INGLÉS",17,""))))) -> 90 | X351: Yulieth Tatiana Ardila Hernandez
A352: 46086.636 | B352: 20127790 | C352: ROMBO V2 | D352: 63893 | E352: OMC | F352: 1053324673 | G352: Daniel Felipe Pachon Pinilla | H352: 100248330 | I352: 202604 | J352: 1053324673 | K352: PRIMER INGRESO | L352: BOOTCAMP DATA SCIENCE VIRT | M352: EDUCACION CONTINUA | N352: CEI_BOGOTA | O352: Estudiante Nuevo | P352: Contact | Q352: Sello Financiero | R352: Tiene Sello Financiero (Aprobado Directo) | S352: Cohorte 1 | T352: 1193566421 | U352: JOHAN SEBASTIAN PARDEYN AGUILAR | V352: BIT | W352: =IF(V352="pregrado",31, IF(V352="posgrados",31, IF(V352="rEINTEGROS",7, IF(V352="BIT",90, IF(V352="OP GRADO - INGLÉS",17,""))))) -> 90 | X352: Juan Daniel Andrade Herrera
A353: 46093 | B353: 20128394 | C353: ROMBO V2 | D353: 63914 | E353: OMC | F353: 1003652178 | G353: Jorge Andrés Rincon Rodríguez | H353: 100178225 | I353: 202605 | J353: 1003652178 | K353: OPCION DE GRADO | L353: SEM AUDIT INTER ISO 45001:2018 | M353: EDUCACION CONTINUA | N353: CEI_BOGOTA | O353: Estudiante Nuevo | P353: Contact | Q353: Sello Financiero | R353: Tiene Sello Financiero (Aprobado Directo) | S353: Cohorte 2 | T353: =_xlfn.XLOOKUP(X353,Hoja2!D:D,Hoja2!A:A) -> 52834109 | U353: =_xlfn.XLOOKUP(X353,Hoja2!D:D,Hoja2!B:B) -> JAVIER ORLANDO HERNANDEZ RIVERA | V353: =_xlfn.XLOOKUP(X353,Hoja2!D:D,Hoja2!C:C) -> OP GRADO - INGLÉS | W353: =IF(V353="pregrado",31, IF(V353="posgrados",31, IF(V353="rEINTEGROS",7, IF(V353="BIT",90, IF(V353="OP GRADO - INGLÉS",17,""))))) -> 17 | X353: Jeny Marlen Ordoñez Mendez
A354: 46106 | B354: 20129439 | C354: ROMBO V2 | D354: 63916 | E354: OMC | F354: 1007385075 | G354: Astrid Carolina Barrios Varon | H354: 100220125 | I354: 202605 | J354: 1007385075 | K354: OPCION DE GRADO | L354: SEM HABILI SERVIC DE SALUD VIR | M354: EDUCACION CONTINUA | N354: CEI_BOGOTA | O354: Estudiante Nuevo | P354: Contact | Q354: Sello Financiero | R354: Tiene Sello Financiero (Aprobado Directo) | S354: Cohorte 2 | T354: =_xlfn.XLOOKUP(X354,Hoja2!D:D,Hoja2!A:A) -> 1033714104 | U354: =_xlfn.XLOOKUP(X354,Hoja2!D:D,Hoja2!B:B) -> JAVIER ORLANDO HERNANDEZ RIVERA | V354: =_xlfn.XLOOKUP(X354,Hoja2!D:D,Hoja2!C:C) -> OP GRADO - INGLÉS | W354: =IF(V354="pregrado",31, IF(V354="posgrados",31, IF(V354="rEINTEGROS",7, IF(V354="BIT",90, IF(V354="OP GRADO - INGLÉS",17,""))))) -> 17 | X354: Ruben Darío Elles Trujillo
A355: 46094 | B355: 20128517 | C355: ROMBO V2 | D355: 63917 | E355: OMC | F355: 45542006 | G355: Darlys del Carmen Maza Puerta | H355: 100194166 | I355: 202605 | J355: 1042578818 | K355: OPCION DE GRADO | L355: DIP SEG LOG CIO INTER BASC VIR | M355: EDUCACION CONTINUA | N355: CEI_BOGOTA | O355: Estudiante Nuevo | P355: Contact | Q355: Sello Financiero | R355: Tiene Sello Financiero (Aprobado Directo) | S355: Cohorte 2 | T355: =_xlfn.XLOOKUP(X355,Hoja2!D:D,Hoja2!A:A) -> 1033714104 | U355: =_xlfn.XLOOKUP(X355,Hoja2!D:D,Hoja2!B:B) -> JAVIER ORLANDO HERNANDEZ RIVERA | V355: =_xlfn.XLOOKUP(X355,Hoja2!D:D,Hoja2!C:C) -> OP GRADO - INGLÉS | W355: =IF(V355="pregrado",31, IF(V355="posgrados",31, IF(V355="rEINTEGROS",7, IF(V355="BIT",90, IF(V355="OP GRADO - INGLÉS",17,""))))) -> 17 | X355: Ruben Darío Elles Trujillo
A356: 46094 | B356: 20128500 | C356: ROMBO V2 | D356: 63932 | E356: OMC | F356: 46385525 | G356: Lina Marcela Vargas Caicedo | H356: 100151020 | I356: 202605 | J356: 1057602314 | K356: OPCION DE GRADO | L356: DIP SEG Y SALUD TRA RIES P VIR | M356: EDUCACION CONTINUA | N356: CEI_BOGOTA | O356: Estudiante Nuevo | P356: Contact | Q356: Sello Financiero | R356: Tiene Sello Financiero (Aprobado Directo) | S356: Cohorte 2 | T356: =_xlfn.XLOOKUP(X356,Hoja2!D:D,Hoja2!A:A) -> 1033714104 | U356: =_xlfn.XLOOKUP(X356,Hoja2!D:D,Hoja2!B:B) -> JAVIER ORLANDO HERNANDEZ RIVERA | V356: =_xlfn.XLOOKUP(X356,Hoja2!D:D,Hoja2!C:C) -> OP GRADO - INGLÉS | W356: =IF(V356="pregrado",31, IF(V356="posgrados",31, IF(V356="rEINTEGROS",7, IF(V356="BIT",90, IF(V356="OP GRADO - INGLÉS",17,""))))) -> 17 | X356: Ruben Darío Elles Trujillo
A357: 46126 | B357: 20130960 | C357: ROMBO V2 | D357: 63940 | E357: OMC | F357: 1054918609 | G357: Samara Aguirre Rico | H357: 100146462 | I357: 202605 | J357: 1054918287 | K357: OPCION DE GRADO | L357: DIP PRAC PORT LEAN SIX SIG VIR | M357: EDUCACION CONTINUA | N357: CEI_BOGOTA | O357: Estudiante Nuevo | P357: Contact | Q357: Sello Financiero | R357: Tiene Sello Financiero (Aprobado Directo) | S357: Cohorte 2 | T357: =_xlfn.XLOOKUP(X357,Hoja2!D:D,Hoja2!A:A) -> 1033714104 | U357: =_xlfn.XLOOKUP(X357,Hoja2!D:D,Hoja2!B:B) -> JAVIER ORLANDO HERNANDEZ RIVERA | V357: =_xlfn.XLOOKUP(X357,Hoja2!D:D,Hoja2!C:C) -> OP GRADO - INGLÉS | W357: =IF(V357="pregrado",31, IF(V357="posgrados",31, IF(V357="rEINTEGROS",7, IF(V357="BIT",90, IF(V357="OP GRADO - INGLÉS",17,""))))) -> 17 | X357: Ruben Darío Elles Trujillo
A358: 46110 | B358: 20129700 | C358: ROMBO V2 | D358: 63944 | E358: OMC | F358: 6024900 | G358: Geyre Palomar Martinez | H358: 100167198 | I358: 202605 | J358: 1028860460 | K358: OPCION DE GRADO | L358: CUR MOD GR ESP GER TAL HUM VIR | M358: EDUCACION CONTINUA | N358: CEI_BOGOTA | O358: Estudiante Nuevo | P358: Contact | Q358: Sello Financiero | R358: Tiene Sello Financiero (Aprobado Directo) | S358: Cohorte 2 | T358: =_xlfn.XLOOKUP(X358,Hoja2!D:D,Hoja2!A:A) -> 1033714104 | U358: =_xlfn.XLOOKUP(X358,Hoja2!D:D,Hoja2!B:B) -> JAVIER ORLANDO HERNANDEZ RIVERA | V358: =_xlfn.XLOOKUP(X358,Hoja2!D:D,Hoja2!C:C) -> OP GRADO - INGLÉS | W358: =IF(V358="pregrado",31, IF(V358="posgrados",31, IF(V358="rEINTEGROS",7, IF(V358="BIT",90, IF(V358="OP GRADO - INGLÉS",17,""))))) -> 17 | X358: Ruben Darío Elles Trujillo
A359: 46091 | B359: 20128224 | C359: ROMBO V2 | D359: 63945 | E359: OMC | F359: 1084846090 | G359: Maigalida Denisse Cuaran Erazo | H359: 100099079 | I359: 202605 | J359: 1084846090 | K359: OPCION DE GRADO | L359: SEM AUDIT INTER ISO 45001:2018 | M359: EDUCACION CONTINUA | N359: CEI_BOGOTA | O359: Estudiante Nuevo | P359: Contact | Q359: Sello Financiero | R359: Tiene Sello Financiero (Aprobado Directo) | S359: Cohorte 2 | T359: =_xlfn.XLOOKUP(X359,Hoja2!D:D,Hoja2!A:A) -> 1033714104 | U359: =_xlfn.XLOOKUP(X359,Hoja2!D:D,Hoja2!B:B) -> JAVIER ORLANDO HERNANDEZ RIVERA | V359: =_xlfn.XLOOKUP(X359,Hoja2!D:D,Hoja2!C:C) -> OP GRADO - INGLÉS | W359: =IF(V359="pregrado",31, IF(V359="posgrados",31, IF(V359="rEINTEGROS",7, IF(V359="BIT",90, IF(V359="OP GRADO - INGLÉS",17,""))))) -> 17 | X359: Ruben Darío Elles Trujillo
A360: 46093 | B360: 20128465 | C360: ROMBO V2 | D360: 63948 | E360: OMC | F360: 6024900 | G360: Geyre Palomar Martinez | H360: 100167198 | I360: 202605 | J360: 1028860460 | K360: OPCION DE GRADO | L360: CUR MOD GR ESP GER TAL HUM VIR | M360: EDUCACION CONTINUA | N360: CEI_BOGOTA | O360: Estudiante Nuevo | P360: Contact | Q360: Sello Financiero | R360: Tiene Sello Financiero (Aprobado Directo) | S360: Cohorte 2 | T360: =_xlfn.XLOOKUP(X360,Hoja2!D:D,Hoja2!A:A) -> 1033714104 | U360: =_xlfn.XLOOKUP(X360,Hoja2!D:D,Hoja2!B:B) -> JAVIER ORLANDO HERNANDEZ RIVERA | V360: =_xlfn.XLOOKUP(X360,Hoja2!D:D,Hoja2!C:C) -> OP GRADO - INGLÉS | W360: =IF(V360="pregrado",31, IF(V360="posgrados",31, IF(V360="rEINTEGROS",7, IF(V360="BIT",90, IF(V360="OP GRADO - INGLÉS",17,""))))) -> 17 | X360: Ruben Darío Elles Trujillo
A361: 46126 | B361: 20131066 | C361: ROMBO V2 | D361: 63955 | E361: OMC | F361: 1024593647 | G361: Ana Yulissa Medina Gutierrez | H361: 100097491 | I361: 202605 | J361: 1024593647 | K361: OPCION DE GRADO | L361: DIPLOMADO NIIF VIRTUAL | M361: EDUCACION CONTINUA | N361: CEI_BOGOTA | O361: Estudiante Nuevo | P361: Contact | Q361: Sello Financiero | R361: Tiene Sello Financiero (Aprobado Directo) | S361: Cohorte 2 | T361: =_xlfn.XLOOKUP(X361,Hoja2!D:D,Hoja2!A:A) -> 52834109 | U361: =_xlfn.XLOOKUP(X361,Hoja2!D:D,Hoja2!B:B) -> JAVIER ORLANDO HERNANDEZ RIVERA | V361: =_xlfn.XLOOKUP(X361,Hoja2!D:D,Hoja2!C:C) -> OP GRADO - INGLÉS | W361: =IF(V361="pregrado",31, IF(V361="posgrados",31, IF(V361="rEINTEGROS",7, IF(V361="BIT",90, IF(V361="OP GRADO - INGLÉS",17,""))))) -> 17 | X361: Jeny Marlen Ordoñez Mendez
A362: 46092 | B362: 20128280 | C362: ROMBO V2 | D362: 63956 | E362: OMC | F362: 1023163198 | G362: Nicolas Nicolas Camargo Cortes | H362: 100194278 | I362: 202605 | J362: 1023163198 | K362: OPCION DE GRADO | L362: DIP SEG LOG CIO INTER BASC VIR | M362: EDUCACION CONTINUA | N362: CEI_BOGOTA | O362: Estudiante Nuevo | P362: Contact | Q362: Sello Financiero | R362: Tiene Sello Financiero (Aprobado Directo) | S362: Cohorte 2 | T362: =_xlfn.XLOOKUP(X362,Hoja2!D:D,Hoja2!A:A) -> 1033714104 | U362: =_xlfn.XLOOKUP(X362,Hoja2!D:D,Hoja2!B:B) -> JAVIER ORLANDO HERNANDEZ RIVERA | V362: =_xlfn.XLOOKUP(X362,Hoja2!D:D,Hoja2!C:C) -> OP GRADO - INGLÉS | W362: =IF(V362="pregrado",31, IF(V362="posgrados",31, IF(V362="rEINTEGROS",7, IF(V362="BIT",90, IF(V362="OP GRADO - INGLÉS",17,""))))) -> 17 | X362: Ruben Darío Elles Trujillo
A363: 46112 | B363: 20129861 | C363: ROMBO V2 | D363: 63964 | E363: OMC | F363: 32651874 | G363: RUBI DE JESUS PUENTES GARIZABAL | H363: 100217587 | I363: 202605 | J363: 55238622 | K363: OPCION DE GRADO | L363: SEM HABILI SERVIC DE SALUD VIR | M363: EDUCACION CONTINUA | N363: CEI_BOGOTA | O363: Estudiante Nuevo | P363: Contact | Q363: Sello Financiero | R363: Tiene Sello Financiero (Aprobado Directo) | S363: Cohorte 2 | T363: =_xlfn.XLOOKUP(X363,Hoja2!D:D,Hoja2!A:A) -> 1033714104 | U363: =_xlfn.XLOOKUP(X363,Hoja2!D:D,Hoja2!B:B) -> JAVIER ORLANDO HERNANDEZ RIVERA | V363: =_xlfn.XLOOKUP(X363,Hoja2!D:D,Hoja2!C:C) -> OP GRADO - INGLÉS | W363: =IF(V363="pregrado",31, IF(V363="posgrados",31, IF(V363="rEINTEGROS",7, IF(V363="BIT",90, IF(V363="OP GRADO - INGLÉS",17,""))))) -> 17 | X363: Ruben Darío Elles Trujillo
A364: 46108 | B364: 20129602 | C364: ROMBO V2 | D364: 63969 | E364: OMC | F364: 19161823 | G364: FLORENTINO RINCON PULIDO | H364: 100134535 | I364: 202605 | J364: 52323007 | K364: OPCION DE GRADO | L364: OP IBN LIDER Y COMUN ESTRA VIR | M364: EDUCACION CONTINUA | N364: CEI_BOGOTA | O364: Estudiante Nuevo | P364: Contact | Q364: Sello Financiero | R364: Tiene Sello Financiero (Aprobado Directo) | S364: Cohorte 2 | T364: =_xlfn.XLOOKUP(X364,Hoja2!D:D,Hoja2!A:A) -> 1033714104 | U364: =_xlfn.XLOOKUP(X364,Hoja2!D:D,Hoja2!B:B) -> JAVIER ORLANDO HERNANDEZ RIVERA | V364: =_xlfn.XLOOKUP(X364,Hoja2!D:D,Hoja2!C:C) -> OP GRADO - INGLÉS | W364: =IF(V364="pregrado",31, IF(V364="posgrados",31, IF(V364="rEINTEGROS",7, IF(V364="BIT",90, IF(V364="OP GRADO - INGLÉS",17,""))))) -> 17 | X364: Ruben Darío Elles Trujillo
... A409: 46113 | B409: 20130015 | C409: ROMBO V2 | D409: 65844 | E409: OMC | F409: 1001561086 | G409: Blancheht Yeliza Ricardo Urzola | H409: 100177347 | I409: 202605 | J409: 1001561086 | K409: OPCION DE GRADO | L409: CUR MOD GR ESP GER TAL HUM VIR | M409: EDUCACION CONTINUA | N409: CEI_BOGOTA | O409: Estudiante Nuevo | P409: Contact | Q409: Sello Financiero | R409: Tiene Sello Financiero (Aprobado Directo) | S409: Cohorte 2 | T409: =_xlfn.XLOOKUP(X409,Hoja2!D:D,Hoja2!A:A) -> 60345453 | U409: =_xlfn.XLOOKUP(X409,Hoja2!D:D,Hoja2!B:B) -> JAVIER ORLANDO HERNANDEZ RIVERA | V409: =_xlfn.XLOOKUP(X409,Hoja2!D:D,Hoja2!C:C) -> OP GRADO - INGLÉS | W409: =IF(V409="pregrado",31, IF(V409="posgrados",31, IF(V409="rEINTEGROS",7, IF(V409="BIT",90, IF(V409="OP GRADO - INGLÉS",17,""))))) -> 17 | X409: Claudia Restrepo Gonzalez
A410: 46127 | B410: 20131186 | C410: ROMBO V2 | D410: 65853 | E410: OMC | F410: 1038124571 | G410: Angie Ximena Bohorquez Ochoa | H410: 100206835 | I410: 202605 | J410: 1038124571 | K410: PRIMER INGRESO | L410: CURSO INGLES - MAESTRIA EN EDU | M410: EDUCACION CONTINUA | N410: 0 | O410: Estudiante Nuevo | P410: Contact | Q410: Sello Financiero | R410: Tiene Sello Financiero (Aprobado Directo) | S410: Cohorte 2 | T410: =_xlfn.XLOOKUP(X410,Hoja2!D:D,Hoja2!A:A) -> 79789547 | U410: =_xlfn.XLOOKUP(X410,Hoja2!D:D,Hoja2!B:B) -> JAVIER ORLANDO HERNANDEZ RIVERA | V410: =_xlfn.XLOOKUP(X410,Hoja2!D:D,Hoja2!C:C) -> OP GRADO - INGLÉS | W410: =IF(V410="pregrado",31, IF(V410="posgrados",31, IF(V410="rEINTEGROS",7, IF(V410="BIT",90, IF(V410="OP GRADO - INGLÉS",17,""))))) -> 17 | X410: Javier Orlando Hernandez Rivera
A411: 46118 | B411: 20130119 | C411: ROMBO V2 | D411: 65878 | E411: OMC | F411: 1067958549 | G411: Nelcy Isabel Suárez Hernández | H411: 100205610 | I411: 202605 | J411: 1067958549 | K411: OPCION DE GRADO | L411: OP IBN LIDER Y COMUN ESTRA VIR | M411: EDUCACION CONTINUA | N411: CEI_BOGOTA | O411: Estudiante Nuevo | P411: Contact | Q411: Sello Financiero | R411: Tiene Sello Financiero (Aprobado Directo) | S411: Cohorte 2 | T411: =_xlfn.XLOOKUP(X411,Hoja2!D:D,Hoja2!A:A) -> 60345453 | U411: =_xlfn.XLOOKUP(X411,Hoja2!D:D,Hoja2!B:B) -> JAVIER ORLANDO HERNANDEZ RIVERA | V411: =_xlfn.XLOOKUP(X411,Hoja2!D:D,Hoja2!C:C) -> OP GRADO - INGLÉS | W411: =IF(V411="pregrado",31, IF(V411="posgrados",31, IF(V411="rEINTEGROS",7, IF(V411="BIT",90, IF(V411="OP GRADO - INGLÉS",17,""))))) -> 17 | X411: Claudia Restrepo Gonzalez
A412: 46139 | B412: 20132343 | C412: ROMBO V2 | D412: 65879 | E412: OMC | F412: 1098606465 | G412: Laura Milena Castillo Sarmiento | H412: 100206213 | I412: 202605 | J412: 1098606465 | K412: OPCION DE GRADO | L412: OPC IBN DIREC ESTRAT RRHH VIR | M412: EDUCACION CONTINUA | N412: CEI_BOGOTA | O412: Estudiante Nuevo | P412: Contact | Q412: Sello Financiero | R412: Tiene Sello Financiero (Aprobado Directo) | S412: Cohorte 2 | T412: =_xlfn.XLOOKUP(X412,Hoja2!D:D,Hoja2!A:A) -> 1033714104 | U412: =_xlfn.XLOOKUP(X412,Hoja2!D:D,Hoja2!B:B) -> JAVIER ORLANDO HERNANDEZ RIVERA | V412: =_xlfn.XLOOKUP(X412,Hoja2!D:D,Hoja2!C:C) -> OP GRADO - INGLÉS | W412: =IF(V412="pregrado",31, IF(V412="posgrados",31, IF(V412="rEINTEGROS",7, IF(V412="BIT",90, IF(V412="OP GRADO - INGLÉS",17,""))))) -> 17 | X412: Ruben Darío Elles Trujillo
A413: 46126 | B413: 20131069 | C413: ROMBO V2 | D413: 65881 | E413: OMC | F413: 1006069668 | G413: Angie Gisela Robayo Narvades | H413: 100182904 | I413: 202605 | J413: 1006069668 | K413: OPCION DE GRADO | L413: DIP SEG LOG CIO INTER BASC VIR | M413: EDUCACION CONTINUA | N413: SENA CONVENIO NACIONAL | O413: Estudiante Nuevo | P413: Contact | Q413: Sello Financiero | R413: Tiene Sello Financiero (Aprobado Directo) | S413: Cohorte 2 | T413: =_xlfn.XLOOKUP(X413,Hoja2!D:D,Hoja2!A:A) -> 79789547 | U413: =_xlfn.XLOOKUP(X413,Hoja2!D:D,Hoja2!B:B) -> JAVIER ORLANDO HERNANDEZ RIVERA | V413: =_xlfn.XLOOKUP(X413,Hoja2!D:D,Hoja2!C:C) -> OP GRADO - INGLÉS | W413: =IF(V413="pregrado",31, IF(V413="posgrados",31, IF(V413="rEINTEGROS",7, IF(V413="BIT",90, IF(V413="OP GRADO - INGLÉS",17,""))))) -> 17 | X413: Javier Orlando Hernandez Rivera
A414: 46142 | B414: 20132738 | C414: ROMBO V2 | D414: 65886 | E414: OMC | F414: 1023940574 | G414: NIlliret Yubesny Ducuara Rativa | H414: 100141912 | I414: 202605 | J414: 1010042355 | K414: OPCION DE GRADO | L414: OP IBN LIDER Y COMUN ESTRA VIR | M414: EDUCACION CONTINUA | N414: CEI_BOGOTA | O414: Estudiante Nuevo | P414: Contact | Q414: Sello Financiero | R414: Tiene Sello Financiero (Aprobado Directo) | S414: Cohorte 2 | T414: =_xlfn.XLOOKUP(X414,Hoja2!D:D,Hoja2!A:A) -> 1033714104 | U414: =_xlfn.XLOOKUP(X414,Hoja2!D:D,Hoja2!B:B) -> JAVIER ORLANDO HERNANDEZ RIVERA | V414: =_xlfn.XLOOKUP(X414,Hoja2!D:D,Hoja2!C:C) -> OP GRADO - INGLÉS | W414: =IF(V414="pregrado",31, IF(V414="posgrados",31, IF(V414="rEINTEGROS",7, IF(V414="BIT",90, IF(V414="OP GRADO - INGLÉS",17,""))))) -> 17 | X414: Ruben Darío Elles Trujillo
A415: 46108 | B415: 20129629 | C415: ROMBO V2 | D415: 65889 | E415: OMC | F415: 1127591610 | G415: Alvaro Yair Medina Vasquez | H415: 100249745 | I415: 202605 | J415: 1127591610 | K415: PRIMER INGRESO | L415: BOOT DES WEB FUL STACK 400 ONL | M415: EDUCACION CONTINUA | N415: CEI_BOGOTA | O415: Estudiante Nuevo | P415: Contact | Q415: Sello Financiero | R415: Tiene Sello Financiero (Aprobado Directo) | S415: Cohorte 2 | T415: =_xlfn.XLOOKUP(X415,Hoja2!D:D,Hoja2!A:A) -> 1123442099 | U415: =_xlfn.XLOOKUP(X415,Hoja2!D:D,Hoja2!B:B) -> JOHAN SEBASTIAN PARDEYN AGUILAR | V415: =_xlfn.XLOOKUP(X415,Hoja2!D:D,Hoja2!C:C) -> BIT | W415: =IF(V415="pregrado",31, IF(V415="posgrados",31, IF(V415="rEINTEGROS",7, IF(V415="BIT",90, IF(V415="OP GRADO - INGLÉS",17,""))))) -> 90 | X415: Yulieth Tatiana Ardila Hernandez
A416: 46112 | B416: 20129979 | C416: ROMBO V2 | D416: 65894 | E416: OMC | F416: 80656546 | G416: Yuber Antonio Castro Carrero | H416: 100228682 | I416: 202605 | J416: 1069642098 | K416: OPCION DE GRADO | L416: DIP OPC GRA ANA DAT PYTHON VIR | M416: EDUCACION CONTINUA | N416: CEI_KENNEDY | O416: Estudiante Nuevo | P416: Centro | Q416: Sello Financiero | R416: Tiene Sello Financiero (Aprobado Directo) | S416: Cohorte 2 | T416: =_xlfn.XLOOKUP(X416,Hoja2!D:D,Hoja2!A:A) -> 60345453 | U416: =_xlfn.XLOOKUP(X416,Hoja2!D:D,Hoja2!B:B) -> JAVIER ORLANDO HERNANDEZ RIVERA | V416: =_xlfn.XLOOKUP(X416,Hoja2!D:D,Hoja2!C:C) -> OP GRADO - INGLÉS | W416: =IF(V416="pregrado",31, IF(V416="posgrados",31, IF(V416="rEINTEGROS",7, IF(V416="BIT",90, IF(V416="OP GRADO - INGLÉS",17,""))))) -> 17 | X416: Claudia Restrepo Gonzalez
A417: 46113 | B417: 20130027 | C417: ROMBO V2 | D417: 65897 | E417: OMC | F417: 41241322 | G417: MARIA EUGENIA ORTIZ GARCIA | H417: 100208214 | I417: 202605 | J417: 1120955094 | K417: OPCION DE GRADO | L417: CUR MOD GR ESP GER TAL HUM VIR | M417: EDUCACION CONTINUA | N417: CEI_BOGOTA | O417: Estudiante Nuevo | P417: Contact | Q417: Sello Financiero | R417: Tiene Sello Financiero (Aprobado Directo) | S417: Cohorte 2 | T417: =_xlfn.XLOOKUP(X417,Hoja2!D:D,Hoja2!A:A) -> 60345453 | U417: =_xlfn.XLOOKUP(X417,Hoja2!D:D,Hoja2!B:B) -> JAVIER ORLANDO HERNANDEZ RIVERA | V417: =_xlfn.XLOOKUP(X417,Hoja2!D:D,Hoja2!C:C) -> OP GRADO - INGLÉS | W417: =IF(V417="pregrado",31, IF(V417="posgrados",31, IF(V417="rEINTEGROS",7, IF(V417="BIT",90, IF(V417="OP GRADO - INGLÉS",17,""))))) -> 17 | X417: Claudia Restrepo Gonzalez
A418: 46118 | B418: 20130185 | C418: ROMBO V2 | D418: 65901 | E418: OMC | F418: 1104378432 | G418: ALBEIRO ENRIQUE ARRIETA MÁRQUEZ | H418: 100175388 | I418: 202605 | J418: 1007344960 | K418: OPCION DE GRADO | L418: OPC IBN DIREC ESTRAT RRHH VIR | M418: EDUCACION CONTINUA | N418: CEI_BOGOTA | O418: Estudiante Nuevo | P418: Contact | Q418: Sello Financiero | R418: Tiene Sello Financiero (Aprobado Directo) | S418: Cohorte 2 | T418: =_xlfn.XLOOKUP(X418,Hoja2!D:D,Hoja2!A:A) -> 1033714104 | U418: =_xlfn.XLOOKUP(X418,Hoja2!D:D,Hoja2!B:B) -> JAVIER ORLANDO HERNANDEZ RIVERA | V418: =_xlfn.XLOOKUP(X418,Hoja2!D:D,Hoja2!C:C) -> OP GRADO - INGLÉS | W418: =IF(V418="pregrado",31, IF(V418="posgrados",31, IF(V418="rEINTEGROS",7, IF(V418="BIT",90, IF(V418="OP GRADO - INGLÉS",17,""))))) -> 17 | X418: Ruben Darío Elles Trujillo
A419: 46111 | B419: 20129789 | C419: ROMBO V2 | D419: 65903 | E419: OMC | F419: 1007825371 | G419: Dagne Yelissa Bermúdez Arboleda | H419: 100127686 | I419: 202605 | J419: 1007825371 | K419: OPCION DE GRADO | L419: CUR MOD GR ESP GER TAL HUM VIR | M419: EDUCACION CONTINUA | N419: CEI_BOGOTA | O419: Estudiante Nuevo | P419: Contact | Q419: Sello Financiero | R419: Tiene Sello Financiero (Aprobado Directo) | S419: Cohorte 2 | T419: =_xlfn.XLOOKUP(X419,Hoja2!D:D,Hoja2!A:A) -> 1033714104 | U419: =_xlfn.XLOOKUP(X419,Hoja2!D:D,Hoja2!B:B) -> JAVIER ORLANDO HERNANDEZ RIVERA | V419: =_xlfn.XLOOKUP(X419,Hoja2!D:D,Hoja2!C:C) -> OP GRADO - INGLÉS | W419: =IF(V419="pregrado",31, IF(V419="posgrados",31, IF(V419="rEINTEGROS",7, IF(V419="BIT",90, IF(V419="OP GRADO - INGLÉS",17,""))))) -> 17 | X419: Ruben Darío Elles Trujillo
A420: 46112 | B420: 20129878 | C420: ROMBO V2 | D420: 65908 | E420: OMC | F420: 1004550022 | G420: Jeltsy Marleydyn Chapid Huertas | H420: 100225350 | I420: 202605 | J420: 1004550022 | K420: OPCION DE GRADO | L420: SEM INTEL NEG CON POWER BI VIR | M420: EDUCACION CONTINUA | N420: CEI_BOGOTA | O420: Estudiante Nuevo | P420: Contact | Q420: Sello Financiero | R420: Tiene Sello Financiero (Aprobado Directo) | S420: Cohorte 2 | T420: =_xlfn.XLOOKUP(X420,Hoja2!D:D,Hoja2!A:A) -> 1033714104 | U420: =_xlfn.XLOOKUP(X420,Hoja2!D:D,Hoja2!B:B) -> JAVIER ORLANDO HERNANDEZ RIVERA | V420: =_xlfn.XLOOKUP(X420,Hoja2!D:D,Hoja2!C:C) -> OP GRADO - INGLÉS | W420: =IF(V420="pregrado",31, IF(V420="posgrados",31, IF(V420="rEINTEGROS",7, IF(V420="BIT",90, IF(V420="OP GRADO - INGLÉS",17,""))))) -> 17 | X420: Ruben Darío Elles Trujillo
A421: 46111 | B421: 20129839 | C421: ROMBO V2 | D421: 65912 | E421: OMC | F421: 1022935926 | G421: Diana Brigette Pelaez Daza | H421: 100065384 | I421: 202605 | J421: 1022935926 | K421: OPCION DE GRADO | L421: OPC GRAD DES WEB FULL PSIC VIR | M421: EDUCACION CONTINUA | N421: CEI_KENNEDY | O421: Estudiante Nuevo | P421: Centro | Q421: Sello Financiero | R421: Tiene Sello Financiero (Aprobado Directo) | S421: Cohorte 2 | T421: =_xlfn.XLOOKUP(X421,Hoja2!D:D,Hoja2!A:A) -> 60345453 | U421: =_xlfn.XLOOKUP(X421,Hoja2!D:D,Hoja2!B:B) -> JAVIER ORLANDO HERNANDEZ RIVERA | V421: =_xlfn.XLOOKUP(X421,Hoja2!D:D,Hoja2!C:C) -> OP GRADO - INGLÉS | W421: =IF(V421="pregrado",31, IF(V421="posgrados",31, IF(V421="rEINTEGROS",7, IF(V421="BIT",90, IF(V421="OP GRADO - INGLÉS",17,""))))) -> 17 | X421: Claudia Restrepo Gonzalez
A422: 46112 | B422: 20129844 | C422: ROMBO V2 | D422: 65914 | E422: OMC | F422: 1098721504 | G422: Yennis Esther Robles Prasca | H422: 100106665 | I422: 202605 | J422: 1098721504 | K422: OPCION DE GRADO | L422: DIP SEG Y SALUD TRA RIES P VIR | M422: EDUCACION CONTINUA | N422: 0 | O422: Estudiante Nuevo | P422: Contact | Q422: Sello Financiero | R422: Tiene Sello Financiero (Aprobado Directo) | S422: Cohorte 2 | T422: =_xlfn.XLOOKUP(X422,Hoja2!D:D,Hoja2!A:A) -> 60345453 | U422: =_xlfn.XLOOKUP(X422,Hoja2!D:D,Hoja2!B:B) -> JAVIER ORLANDO HERNANDEZ RIVERA | V422: =_xlfn.XLOOKUP(X422,Hoja2!D:D,Hoja2!C:C) -> OP GRADO - INGLÉS | W422: =IF(V422="pregrado",31, IF(V422="posgrados",31, IF(V422="rEINTEGROS",7, IF(V422="BIT",90, IF(V422="OP GRADO - INGLÉS",17,""))))) -> 17 | X422: Claudia Restrepo Gonzalez
...

Sheet Hoja2
A1: cc | B1: Lider | C1: Area | D1: Asesor
A2: 39658730 | B2: MARSHIA MILENA JIMéNEZ GóMEZ | C2: PREGRADO | D2: Nelly Cuellar Rodriguez
A3: 39658730 | B3: MARSHIA MILENA JIMéNEZ GóMEZ | C3: PREGRADO | D3: Nelly Cuellar Rodriguez
A4: 39658730 | B4: MARSHIA MILENA JIMéNEZ GóMEZ | C4: PREGRADO | D4: Nelly Cuellar Rodriguez
A5: 39658730 | B5: MARSHIA MILENA JIMéNEZ GóMEZ | C5: PREGRADO | D5: Nelly Cuellar Rodriguez
A6: 39658730 | B6: MARSHIA MILENA JIMéNEZ GóMEZ | C6: PREGRADO | D6: Nelly Cuellar Rodriguez
A7: 39658730 | B7: MARSHIA MILENA JIMéNEZ GóMEZ | C7: PREGRADO | D7: Nelly Cuellar Rodriguez
A8: 39658730 | B8: MARSHIA MILENA JIMéNEZ GóMEZ | C8: PREGRADO | D8: Nelly Cuellar Rodriguez
A9: 39658730 | B9: MARSHIA MILENA JIMéNEZ GóMEZ | C9: PREGRADO | D9: Nelly Cuellar Rodriguez
A10: 39658730 | B10: MARSHIA MILENA JIMéNEZ GóMEZ | C10: PREGRADO | D10: Nelly Cuellar Rodriguez
A11: 39658730 | B11: MARSHIA MILENA JIMéNEZ GóMEZ | C11: PREGRADO | D11: Nelly Cuellar Rodriguez
A12: 39658730 | B12: MARSHIA MILENA JIMéNEZ GóMEZ | C12: PREGRADO | D12: Nelly Cuellar Rodriguez
A13: 39666517 | B13: PAOLA ANDREA CALDERON CETINA | C13: PREGRADO | D13: Consuelo Villada Ocampo
... A3813: 1033750951 | B3813: Johan Sebastián Pardeyn Aguilar | C3813: BIT | D3813: Yina Paola Baracaldo Reyes

Sheet Puntos
A1: Area | B1: Puntos piso 1
A3: pregados | B3: 30.754515
A4: posgrados | B4: 30.98721
A5: reingresos | B5: 7.1760534
A6: botcamps-bit | B6: 89.518605
A7: OP GRADO - INGLÉS | B7: 16.744125

Sheet Hoja3
A1: Asesor | B1: cc | C1: Lider | D1: area ( pregrDO POSGRADO(
A2: Cristian Camilo Caballero Reyes | F2: pregados
A3: Deivid Santiago Joya Apolin | F3: posgrados
A4: Esteban Camilo Mora Beltran | F4: reingresos
A5: Jaider Stiven Trujillo Cuellar | F5: botcamps-bit
A6: Jordy Adrian Muñoz | F6: OP GRADO - INGLÉS
A7: Julián Andrés Alejo Velasco
A8: Kelly Johana Porras Parra
A9: Laura Katerine Charry Avila
A10: Laura Tatiana Rodriguez
A11: Luisa fernanda cardozo salgado
A12: Maria Catalina Barahona Sabogal
A13: Maria Ines Cetina Cetina
A14: Paula Andrea Blanco Rojas
A15: Yina Paola Baracaldo Reyes
A19: [11:51 a. m., 19/5/2026] NATALY SARMIENTO: maslarga
A20: [11:54 a. m., 19/5/2026] Gina Ibero: ASESOR | B20: CC | C20: LIDER | D20: AREA
A21: Cristian Camilo Caballero Reyes | B21: 1023000285 | C21: Catalina Pacheco Burgos | D21: PREGRADO
A22: Deivid Santiago Joya Apolin | B22: 1032678391 | C22: Nelson Javier Morera Rincon | D22: PREGRADO
A23: Esteban Camilo Mora Beltran | B23: 1099215811 | C23: Heidy Lorena Prieto Ahumada | D23: PREGRADO
A24: Jaider Stiven Trujillo Cuellar | B24: 1006459732 | C24: Catalina Pacheco Burgos | D24: PREGRADO
A25: Jordy Adrian Muñoz | B25: 1000286877 | C25: Catalina Pacheco Burgos | D25: PREGRADO
A26: Julián Andrés Alejo Velasco | B26: 1018455773 | C26: Catalina Pacheco Burgos | D26: PREGRADO
A27: Kelly Johana Porras Parra | B27: 1013634750 | C27: OP NACIONAL | D27: PREGRADO
A28: Laura Katerine Charry Avila | B28: 1015407851 | C28: Gina Paola Medina Flórez | D28: PREGRADO
A29: Laura Tatiana Rodriguez | B29: 1000777598 | C29: Catalina Pacheco Burgos | D29: PREGRADO
A30: Luisa fernanda cardozo salgado | B30: 1030561016 | C30: JENIFFER VARGAS | D30: PREGRADO
A31: Maria Catalina Barahona Sabogal | B31: 52429528 | C31: JENIFFER VARGAS | D31: CALIDAD
A32: Maria Ines Cetina Cetina | B32: 1057582137 | C32: Paola Andrea Calderon Cetina | D32: PREGRADO
... A34: Yina Paola Baracaldo Reyes | B34: 1033750951 | C34: Johan Sebastián Pardeyn Aguilar | D34: BIT
